v_call,j_call,cdr3_aa,sharing,convergent_patients
IGHV4-4,IGHJ4,ARGSSGYYYG,2,C1_e1_a1_f1_c1|C9_e1_a1_f1_c1
IGHV3-23,IGHJ4,AKGSAASRPYYFDY,3,C10_e1_a1_f1_c1|C1_e1_a1_f1_c1|C7_e1_a1_f1_c1
IGHV3-48,IGHJ4,ARGRGYSYGYTDY,2,C1_e1_a1_f1_c1|C4_e1_a1_f1_c1
IGHV6-1,IGHJ6,ARLVPNWNYGMDV,2,C1_e1_a1_f1_c1|C6_e1_a1_f1_c1
IGHV3-7,IGHJ6,ARAMDV,3,C1_e1_a1_f1_c1|C2_e1_a1_f1_c1|C8_e1_a1_f1_c1
IGHV3-7,IGHJ4,ASRRGAY,2,C1_e1_a1_f1_c1|C2_e1_a1_f1_c1
IGHV3-21,IGHJ4,ARGDFDY,2,C1_e1_a1_f1_c1|C5_e1_a1_f1_c1
IGHV4-39,IGHJ4,TRRGDY,3,C1_e1_a1_f1_c1|C4_e1_a1_f1_c1|C6_e1_a1_f1_c1
IGHV3-7,IGHJ6,ARGRGVDV,2,C1_e1_a1_f1_c1|C7_e1_a1_f1_c1
IGHV4-61,IGHJ4,ARSLDY,2,C10_e1_a1_f1_c1|C1_e1_a1_f1_c1
IGHV3-7,IGHJ4,ARGPFEY,3,C1_e1_a1_f1_c1|C3_e1_a1_f1_c1|C9_e1_a1_f1_c1
IGHV4-59,IGHJ4,ARDRELGY,2,C10_e1_a1_f1_c1|C1_e1_a1_f1_c1
IGHV3-11,IGHJ6,ARGHYGLDV,3,C1_e1_a1_f1_c1|C2_e1_a1_f1_c1|C9_e1_a1_f1_c1
IGHV3-23,IGHJ4,AKEGFDY,3,C11_e1_a1_f1_c1|C8_e1_a1_f1_c1|C9_e1_a1_f1_c1
IGHV4-59,IGHJ4,ARDLDY,2,C1_e1_a1_f1_c1|C8_e1_a1_f1_c1
IGHV4-39,IGHJ6,ARRGGSYYYYGMDV,2,C1_e1_a1_f1_c1|C3_e1_a1_f1_c1
IGHV1-69,IGHJ6,ARDLYGMDV,2,C10_e1_a1_f1_c1|C1_e1_a1_f1_c1
IGHV3-23,IGHJ4,AKTGQFDS,3,C1_e1_a1_f1_c1|C2_e1_a1_f1_c1|C5_e1_a1_f1_c1
IGHV4-34,IGHJ3,ARGRAFDI,3,C1_e1_a1_f1_c1|C7_e1_a1_f1_c1|C8_e1_a1_f1_c1
IGHV5-51,IGHJ3,ARAFDI,2,C1_e1_a1_f1_c1|C4_e1_a1_f1_c1
IGHV3-11,IGHJ4,ARDRGYSYGLDY,2,C1_e1_a1_f1_c1|C2_e1_a1_f1_c1
IGHV4-59,IGHJ4,ARGHSSSWYYLDY,2,C1_e1_a1_f1_c1|C8_e1_a1_f1_c1
IGHV4-30-2,IGHJ4,ARDFDY,2,C1_e1_a1_f1_c1|C8_e1_a1_f1_c1
IGHV3-15,IGHJ4,TRSIAAAGTVY,2,C1_e1_a1_f1_c1|C9_e1_a1_f1_c1
IGHV4-34,IGHJ4,ARGRFDY,3,C1_e1_a1_f1_c1|C2_e1_a1_f1_c1|C8_e1_a1_f1_c1
IGHV3-43,IGHJ3,AKGAFDI,2,C1_e1_a1_f1_c1|C3_e1_a1_f1_c1
IGHV1-18,IGHJ4,ARGEGIDY,2,C1_e1_a1_f1_c1|C8_e1_a1_f1_c1
IGHV3-11,IGHJ4,ARGDY,3,C1_e1_a1_f1_c1|C3_e1_a1_f1_c1|C6_e1_a1_f1_c1
IGHV3-23,IGHJ4,AKGSSASRPYYFDY,2,C1_e1_a1_f1_c1|C4_e1_a1_f1_c1
IGHV3-48,IGHJ4,ARDIGDY,2,C1_e1_a1_f1_c1|C3_e1_a1_f1_c1
IGHV3-7,IGHJ3,AREGDAFDF,3,C1_e1_a1_f1_c1|C2_e1_a1_f1_c1|C6_e1_a1_f1_c1
IGHV3-48,IGHJ4,ARGVQWGFDN,2,C1_e1_a1_f1_c1|C8_e1_a1_f1_c1
IGHV1-3,IGHJ4,ARDLDY,2,C1_e1_a1_f1_c1|C2_e1_a1_f1_c1
IGHV3-23,IGHJ4,AKDV,2,C1_e1_a1_f1_c1|C4_e1_a1_f1_c1
IGHV3-48,IGHJ4,ARADY,2,C11_e1_a1_f1_c1|C1_e1_a1_f1_c1
IGHV3-21,IGHJ4,ARDATTG,2,C1_e1_a1_f1_c1|C7_e1_a1_f1_c1
IGHV3-30,IGHJ5,AKDLSGGFDP,2,C1_e1_a1_f1_c1|C7_e1_a1_f1_c1
IGHV3-74,IGHJ4,VRGMGDY,3,C1_e1_a1_f1_c1|C4_e1_a1_f1_c1|C8_e1_a1_f1_c1
IGHV4-31,IGHJ4,ARGGYGSGSYYFDY,2,C11_e1_a1_f1_c1|C1_e1_a1_f1_c1
IGHV1-2,IGHJ4,ARDRLGFDY,2,C1_e1_a1_f1_c1|C2_e1_a1_f1_c1
IGHV4-34,IGHJ4,ARRGYSYGL,2,C1_e1_a1_f1_c1|C8_e1_a1_f1_c1
IGHV3-21,IGHJ4,ARDLYGDYVFDY,2,C1_e1_a1_f1_c1|C8_e1_a1_f1_c1
IGHV4-61,IGHJ5,ARGGSWFDP,2,C1_e1_a1_f1_c1|C2_e1_a1_f1_c1
IGHV3-15,IGHJ4,TTDLRWELPPFDY,2,C1_e1_a1_f1_c1|C9_e1_a1_f1_c1
IGHV3-53,IGHJ4,ARGSGDY,2,C11_e1_a1_f1_c1|C1_e1_a1_f1_c1
IGHV3-30,IGHJ5,AKGNWFDP,2,C1_e1_a1_f1_c1|C8_e1_a1_f1_c1
IGHV4-34,IGHJ6,ARDYYYYGMDV,2,C1_e1_a1_f1_c1|C3_e1_a1_f1_c1
IGHV1-24,IGHJ6,ATSGMDV,2,C10_e1_a1_f1_c1|C1_e1_a1_f1_c1
IGHV4-59,IGHJ4,ARGWDSSGYYFDY,2,C1_e1_a1_f1_c1|C8_e1_a1_f1_c1
IGHV3-64,IGHJ3,ARDAFDI,2,C10_e1_a1_f1_c1|C1_e1_a1_f1_c1
IGHV4-34,IGHJ4,ARGRRSDY,2,C1_e1_a1_f1_c1|C7_e1_a1_f1_c1
IGHV6-1,IGHJ2,ARAREGGWYFDL,2,C1_e1_a1_f1_c1|C9_e1_a1_f1_c1
IGHV4-39,IGHJ4,ARDSSGSYDY,2,C1_e1_a1_f1_c1|C4_e1_a1_f1_c1
IGHV3-23,IGHJ4,AKDRDSSSWYYFDY,2,C11_e1_a1_f1_c1|C1_e1_a1_f1_c1
IGHV4-34,IGHJ5,ARGNWFDP,4,C10_e1_a1_f1_c1|C11_e1_a1_f1_c1|C1_e1_a1_f1_c1|C8_e1_a1_f1_c1
IGHV5-51,IGHJ5,ARRPGSLNWFDP,2,C1_e1_a1_f1_c1|C4_e1_a1_f1_c1
IGHV3-53,IGHJ4,ARVRY,2,C1_e1_a1_f1_c1|C4_e1_a1_f1_c1
IGHV4-34,IGHJ6,ARGRIFGVVRYYYMDV,2,C1_e1_a1_f1_c1|C7_e1_a1_f1_c1
IGHV3-30,IGHJ3,ARARGAFDI,2,C1_e1_a1_f1_c1|C2_e1_a1_f1_c1
IGHV4-59,IGHJ2,ARRGWYFDL,2,C11_e1_a1_f1_c1|C1_e1_a1_f1_c1
IGHV3-30,IGHJ4,AKDRGSGWYYFDY,2,C10_e1_a1_f1_c1|C1_e1_a1_f1_c1
IGHV4-59,IGHJ5,ARMSGWFDP,2,C1_e1_a1_f1_c1|C9_e1_a1_f1_c1
IGHV3-23,IGHJ3,AKGRLLSGADAFDI,2,C1_e1_a1_f1_c1|C3_e1_a1_f1_c1
IGHV6-1,IGHJ3,ARDWGGGLDALDI,2,C10_e1_a1_f1_c1|C1_e1_a1_f1_c1
IGHV3-23,IGHJ3,AKDDDAFDI,2,C1_e1_a1_f1_c1|C8_e1_a1_f1_c1
IGHV3-30-3,IGHJ4,ARDLDY,2,C1_e1_a1_f1_c1|C8_e1_a1_f1_c1
IGHV3-11,IGHJ4,ARDVDY,2,C1_e1_a1_f1_c1|C2_e1_a1_f1_c1
IGHV3-23,IGHJ4,AKGWN,2,C1_e1_a1_f1_c1|C5_e1_a1_f1_c1
IGHV4-59,IGHJ4,ARGRGGFDY,2,C1_e1_a1_f1_c1|C2_e1_a1_f1_c1
IGHV4-39,IGHJ5,ARQYGSGSYYWFDP,2,C1_e1_a1_f1_c1|C3_e1_a1_f1_c1
IGHV3-53,IGHJ4,ARELDY,2,C1_e1_a1_f1_c1|C4_e1_a1_f1_c1
IGHV3-7,IGHJ4,ARIGYSSSSTDY,3,C1_e1_a1_f1_c1|C2_e1_a1_f1_c1|C8_e1_a1_f1_c1
IGHV3-43,IGHJ3,AKDDAFDI,2,C1_e1_a1_f1_c1|C3_e1_a1_f1_c1
IGHV4-34,IGHJ4,ARGPFDY,2,C1_e1_a1_f1_c1|C5_e1_a1_f1_c1
IGHV3-7,IGHJ6,ARGGGMDV,2,C1_e1_a1_f1_c1|C7_e1_a1_f1_c1
IGHV4-59,IGHJ5,ARTYNWFDP,2,C1_e1_a1_f1_c1|C3_e1_a1_f1_c1
IGHV3-15,IGHJ4,TTGWTFDY,2,C1_e1_a1_f1_c1|C3_e1_a1_f1_c1
IGHV3-66,IGHJ4,ARDLDY,3,C11_e1_a1_f1_c1|C1_e1_a1_f1_c1|C7_e1_a1_f1_c1
IGHV3-7,IGHJ3,AGGDASDI,2,C1_e1_a1_f1_c1|C5_e1_a1_f1_c1
IGHV3-15,IGHJ4,TTGRGY,2,C1_e1_a1_f1_c1|C6_e1_a1_f1_c1
IGHV1-18,IGHJ4,ARGPPGYYGSGSYFDY,2,C11_e1_a1_f1_c1|C1_e1_a1_f1_c1
IGHV3-7,IGHJ4,TRNER,2,C1_e1_a1_f1_c1|C3_e1_a1_f1_c1
IGHV1-3,IGHJ4,ARDETD,2,C1_e1_a1_f1_c1|C8_e1_a1_f1_c1
IGHV4-34,IGHJ4,ARGGYSSSWYFDY,2,C1_e1_a1_f1_c1|C4_e1_a1_f1_c1
IGHV4-59,IGHJ4,ARGGGWHPN,2,C1_e1_a1_f1_c1|C3_e1_a1_f1_c1
IGHV4-39,IGHJ5,ARDFWSGYYNWFDP,2,C1_e1_a1_f1_c1|C7_e1_a1_f1_c1
IGHV4-39,IGHJ4,ASNLNFDY,2,C10_e1_a1_f1_c1|C1_e1_a1_f1_c1
IGHV3-53,IGHJ6,ARGPYYYYGMDV,2,C1_e1_a1_f1_c1|C8_e1_a1_f1_c1
IGHV4-39,IGHJ4,ARDLGY,2,C1_e1_a1_f1_c1|C7_e1_a1_f1_c1
IGHV3-53,IGHJ4,ARDFDY,2,C1_e1_a1_f1_c1|C8_e1_a1_f1_c1
IGHV3-23,IGHJ6,AKSLGYYYGMDV,2,C11_e1_a1_f1_c1|C1_e1_a1_f1_c1
IGHV5-51,IGHJ4,ARGYSSGWYYFDY,2,C1_e1_a1_f1_c1|C9_e1_a1_f1_c1
IGHV3-30,IGHJ4,TNFDY,2,C1_e1_a1_f1_c1|C3_e1_a1_f1_c1
IGHV4-59,IGHJ4,ARDYGGNFDY,2,C1_e1_a1_f1_c1|C4_e1_a1_f1_c1
IGHV3-23,IGHJ3,AKDPDAFDI,3,C11_e1_a1_f1_c1|C1_e1_a1_f1_c1|C9_e1_a1_f1_c1
IGHV3-23,IGHJ4,AKDGGDY,2,C1_e1_a1_f1_c1|C4_e1_a1_f1_c1
IGHV4-4,IGHJ4,ARGYSSSWYYFDY,2,C1_e1_a1_f1_c1|C5_e1_a1_f1_c1
IGHV3-64,IGHJ4,VKDPDY,2,C1_e1_a1_f1_c1|C7_e1_a1_f1_c1
IGHV4-34,IGHJ4,ARASDY,2,C11_e1_a1_f1_c1|C1_e1_a1_f1_c1
IGHV3-48,IGHJ6,ARDGQRGYDMDV,2,C1_e1_a1_f1_c1|C5_e1_a1_f1_c1
IGHV4-38-2,IGHJ4,ARVKGYYFDY,2,C1_e1_a1_f1_c1|C7_e1_a1_f1_c1
IGHV3-23,IGHJ4,ARTGQLDY,2,C1_e1_a1_f1_c1|C6_e1_a1_f1_c1
IGHV1-69,IGHJ6,ARDYGMDV,2,C1_e1_a1_f1_c1|C3_e1_a1_f1_c1
IGHV4-30-2,IGHJ4,ARGIAVAGLDY,2,C1_e1_a1_f1_c1|C9_e1_a1_f1_c1
IGHV3-53,IGHJ4,ARGGPLDY,2,C1_e1_a1_f1_c1|C4_e1_a1_f1_c1
IGHV4-34,IGHJ4,ARGLLDY,2,C1_e1_a1_f1_c1|C3_e1_a1_f1_c1
IGHV3-64,IGHJ4,ARDSGGSYDY,2,C1_e1_a1_f1_c1|C2_e1_a1_f1_c1
IGHV4-39,IGHJ4,ARRGDY,9,C11_e1_a1_f1_c1|C1_e1_a1_f1_c1|C2_e1_a1_f1_c1|C3_e1_a1_f1_c1|C4_e1_a1_f1_c1|C5_e1_a1_f1_c1|C6_e1_a1_f1_c1|C7_e1_a1_f1_c1|C8_e1_a1_f1_c1
IGHV5-51,IGHJ6,ARRHYYYYMDV,2,C1_e1_a1_f1_c1|C3_e1_a1_f1_c1
IGHV3-23,IGHJ4,AKDG,2,C1_e1_a1_f1_c1|C4_e1_a1_f1_c1
IGHV3-30,IGHJ4,AKDPGDY,2,C1_e1_a1_f1_c1|C8_e1_a1_f1_c1
IGHV3-48,IGHJ4,ARGYDY,2,C1_e1_a1_f1_c1|C2_e1_a1_f1_c1
IGHV1-2,IGHJ4,LTQGG,2,C1_e1_a1_f1_c1|C5_e1_a1_f1_c1
IGHV1-69,IGHJ6,ARAYGSGSYYYYYYGMDV,2,C1_e1_a1_f1_c1|C2_e1_a1_f1_c1
IGHV4-39,IGHJ3,ARRRIAAAGDAFDI,2,C1_e1_a1_f1_c1|C7_e1_a1_f1_c1
IGHV3-30,IGHJ4,AKDLDY,2,C10_e1_a1_f1_c1|C7_e1_a1_f1_c1
IGHV4-34,IGHJ4,ARGRKVDF,2,C11_e1_a1_f1_c1|C1_e1_a1_f1_c1
IGHV3-21,IGHJ4,ARDRCSGGSCYSGFDY,2,C1_e1_a1_f1_c1|C5_e1_a1_f1_c1
IGHV3-30-3,IGHJ4,ARELDY,2,C1_e1_a1_f1_c1|C9_e1_a1_f1_c1
IGHV3-30,IGHJ4,ARDLDY,2,C4_e1_a1_f1_c1|C8_e1_a1_f1_c1
IGHV3-13,IGHJ6,ARGDYYYYMDV,2,C1_e1_a1_f1_c1|C8_e1_a1_f1_c1
IGHV3-30,IGHJ4,ARGLDY,2,C1_e1_a1_f1_c1|C4_e1_a1_f1_c1
IGHV3-23,IGHJ4,AKRGDYFDY,2,C11_e1_a1_f1_c1|C1_e1_a1_f1_c1
IGHV5-51,IGHJ6,ARRGMDV,2,C1_e1_a1_f1_c1|C5_e1_a1_f1_c1
IGHV5-51,IGHJ5,ARRGSSSWYNWFDP,2,C1_e1_a1_f1_c1|C2_e1_a1_f1_c1
IGHV3-23,IGHJ4,AKDLDY,2,C11_e1_a1_f1_c1|C5_e1_a1_f1_c1
IGHV2-5,IGHJ4,AHSRIAAAGTFDY,2,C1_e1_a1_f1_c1|C3_e1_a1_f1_c1
IGHV1-2,IGHJ4,TREDY,2,C11_e1_a1_f1_c1|C1_e1_a1_f1_c1
IGHV1-3,IGHJ4,ARDWGFDY,2,C1_e1_a1_f1_c1|C2_e1_a1_f1_c1
IGHV3-7,IGHJ3,ARDPAFGAFDI,2,C1_e1_a1_f1_c1|C8_e1_a1_f1_c1
IGHV3-15,IGHJ4,TTVAY,3,C1_e1_a1_f1_c1|C4_e1_a1_f1_c1|C8_e1_a1_f1_c1
IGHV4-59,IGHJ4,ARRRDYFDY,2,C1_e1_a1_f1_c1|C8_e1_a1_f1_c1
IGHV1-46,IGHJ6,ARDLTYYGMDV,2,C1_e1_a1_f1_c1|C4_e1_a1_f1_c1
IGHV3-74,IGHJ4,ARSYDY,2,C11_e1_a1_f1_c1|C1_e1_a1_f1_c1
IGHV3-23,IGHJ4,VRGGGFDY,2,C1_e1_a1_f1_c1|C9_e1_a1_f1_c1
IGHV1-2,IGHJ6,ARGDYYYYYGMDV,2,C1_e1_a1_f1_c1|C5_e1_a1_f1_c1
IGHV4-34,IGHJ6,ARGHYYYGMDV,2,C1_e1_a1_f1_c1|C5_e1_a1_f1_c1
IGHV3-15,IGHJ6,TTDRYYDSSGYYYYYYGMDV,2,C1_e1_a1_f1_c1|C4_e1_a1_f1_c1
IGHV3-7,IGHJ4,ARDLDY,3,C1_e1_a1_f1_c1|C4_e1_a1_f1_c1|C7_e1_a1_f1_c1
IGHV3-48,IGHJ6,TRDGGRGYDMDV,2,C1_e1_a1_f1_c1|C4_e1_a1_f1_c1
IGHV3-30,IGHJ6,AKVHGDYYYYGMDV,2,C1_e1_a1_f1_c1|C9_e1_a1_f1_c1
IGHV3-74,IGHJ4,ARGGGYSYGSLDY,2,C1_e1_a1_f1_c1|C3_e1_a1_f1_c1
IGHV5-10-1,IGHJ4,ARQSIAAAGTDFDY,2,C1_e1_a1_f1_c1|C4_e1_a1_f1_c1
IGHV3-23,IGHJ4,AKVGGSSSFDY,2,C1_e1_a1_f1_c1|C8_e1_a1_f1_c1
IGHV3-74,IGHJ6,ARGGYYYYGMDV,2,C10_e1_a1_f1_c1|C1_e1_a1_f1_c1
IGHV3-7,IGHJ4,ARGRGSG,2,C1_e1_a1_f1_c1|C8_e1_a1_f1_c1
IGHV2-70,IGHJ4,ARIYDSSGYYFDY,2,C1_e1_a1_f1_c1|C3_e1_a1_f1_c1
IGHV1-46,IGHJ5,ARGQQLANNWFDP,2,C1_e1_a1_f1_c1|C2_e1_a1_f1_c1
IGHV4-34,IGHJ4,ARGRALDY,2,C1_e1_a1_f1_c1|C4_e1_a1_f1_c1
IGHV3-30,IGHJ4,ARDRDFDY,2,C1_e1_a1_f1_c1|C8_e1_a1_f1_c1
IGHV3-15,IGHJ4,TTGLDY,2,C1_e1_a1_f1_c1|C7_e1_a1_f1_c1
IGHV4-34,IGHJ6,ARGRYYYGMDV,2,C1_e1_a1_f1_c1|C4_e1_a1_f1_c1
IGHV3-11,IGHJ4,ARDCSGGSCYSDY,2,C1_e1_a1_f1_c1|C4_e1_a1_f1_c1
IGHV3-23,IGHJ3,AKDSSSWYGDAFDI,2,C1_e1_a1_f1_c1|C3_e1_a1_f1_c1
IGHV3-7,IGHJ3,AREGNAFDF,2,C1_e1_a1_f1_c1|C5_e1_a1_f1_c1
IGHV4-39,IGHJ4,ARRIAVAGTGFDY,2,C1_e1_a1_f1_c1|C2_e1_a1_f1_c1
IGHV5-10-1,IGHJ4,ARHGSGWYYFDY,2,C1_e1_a1_f1_c1|C2_e1_a1_f1_c1
IGHV4-59,IGHJ3,ARGRDAFDI,2,C1_e1_a1_f1_c1|C3_e1_a1_f1_c1
IGHV3-23,IGHJ4,AKRYSSGWYDY,2,C11_e1_a1_f1_c1|C1_e1_a1_f1_c1
IGHV3-53,IGHJ4,ARDLGY,2,C10_e1_a1_f1_c1|C1_e1_a1_f1_c1
IGHV1-46,IGHJ4,ARLGDYFDY,2,C1_e1_a1_f1_c1|C2_e1_a1_f1_c1
IGHV3-53,IGHJ4,ARDLGIAAAGDY,2,C1_e1_a1_f1_c1|C4_e1_a1_f1_c1
IGHV3-23,IGHJ3,AKGGGAFDI,2,C1_e1_a1_f1_c1|C9_e1_a1_f1_c1
IGHV3-15,IGHJ4,TTARGY,2,C1_e1_a1_f1_c1|C2_e1_a1_f1_c1
IGHV4-4,IGHJ4,ARDLGY,2,C1_e1_a1_f1_c1|C6_e1_a1_f1_c1
IGHV3-43,IGHJ6,AKSYYYYGMDV,2,C1_e1_a1_f1_c1|C4_e1_a1_f1_c1
IGHV3-21,IGHJ4,ARGLAVAGTDY,2,C1_e1_a1_f1_c1|C2_e1_a1_f1_c1
IGHV3-21,IGHJ4,ARGGYFDY,2,C11_e1_a1_f1_c1|C1_e1_a1_f1_c1
IGHV3-30,IGHJ6,AKSPGYYYYGMDV,2,C1_e1_a1_f1_c1|C2_e1_a1_f1_c1
IGHV3-11,IGHJ4,ARGGYSYGYGDY,2,C1_e1_a1_f1_c1|C2_e1_a1_f1_c1
IGHV3-23,IGHJ5,TRDPPWFDP,3,C1_e1_a1_f1_c1|C2_e1_a1_f1_c1|C9_e1_a1_f1_c1
IGHV3-23,IGHJ4,AKGGLYGDYDFDY,2,C1_e1_a1_f1_c1|C3_e1_a1_f1_c1
IGHV3-74,IGHJ4,ARGLDY,5,C1_e1_a1_f1_c1|C2_e1_a1_f1_c1|C3_e1_a1_f1_c1|C7_e1_a1_f1_c1|C9_e1_a1_f1_c1
IGHV3-30,IGHJ5,ARGSWFDP,2,C1_e1_a1_f1_c1|C8_e1_a1_f1_c1
IGHV3-30,IGHJ6,AKDRGMDV,2,C1_e1_a1_f1_c1|C7_e1_a1_f1_c1
IGHV1-69,IGHJ4,AREDY,2,C1_e1_a1_f1_c1|C2_e1_a1_f1_c1
IGHV3-7,IGHJ6,ARDLRYYYYYMDV,2,C1_e1_a1_f1_c1|C7_e1_a1_f1_c1
IGHV4-34,IGHJ6,ARGRGYCSGGSCYSYYYYGMDV,2,C1_e1_a1_f1_c1|C4_e1_a1_f1_c1
IGHV3-74,IGHJ3,ARSDAFDI,2,C1_e1_a1_f1_c1|C8_e1_a1_f1_c1
IGHV3-23,IGHJ4,ANPFDY,2,C1_e1_a1_f1_c1|C8_e1_a1_f1_c1
IGHV4-34,IGHJ5,ARGGNWFDP,2,C1_e1_a1_f1_c1|C3_e1_a1_f1_c1
IGHV4-39,IGHJ5,ARLPTGFPNWFDP,2,C1_e1_a1_f1_c1|C5_e1_a1_f1_c1
IGHV3-48,IGHJ4,ARDGVNDY,2,C1_e1_a1_f1_c1|C2_e1_a1_f1_c1
IGHV3-23,IGHJ5,AKNSGWFTA,2,C2_e1_a1_f1_c1|C3_e1_a1_f1_c1
IGHV3-23,IGHJ4,DAADY,3,C2_e1_a1_f1_c1|C3_e1_a1_f1_c1|C5_e1_a1_f1_c1
IGHV3-74,IGHJ4,TRDGGDPFDY,2,C2_e1_a1_f1_c1|C9_e1_a1_f1_c1
IGHV1-3,IGHJ4,ATGSRLDY,2,C2_e1_a1_f1_c1|C8_e1_a1_f1_c1
IGHV3-66,IGHJ4,ARVWELSFDY,2,C2_e1_a1_f1_c1|C9_e1_a1_f1_c1
IGHV3-7,IGHJ6,ARGKGGMDV,2,C2_e1_a1_f1_c1|C5_e1_a1_f1_c1
IGHV3-74,IGHJ4,ARATDFDY,2,C2_e1_a1_f1_c1|C4_e1_a1_f1_c1
IGHV3-21,IGHJ4,ARDGSGWSRDY,2,C2_e1_a1_f1_c1|C9_e1_a1_f1_c1
IGHV3-23,IGHJ5,AKDRGGSYPNWFDP,2,C2_e1_a1_f1_c1|C5_e1_a1_f1_c1
IGHV4-39,IGHJ6,ARHLNYYGSGSYGAYHYYGMDV,2,C2_e1_a1_f1_c1|C5_e1_a1_f1_c1
IGHV4-31,IGHJ4,ARGYYDSSGYYFDY,2,C2_e1_a1_f1_c1|C5_e1_a1_f1_c1
IGHV4-39,IGHJ4,ARQYDY,2,C2_e1_a1_f1_c1|C6_e1_a1_f1_c1
IGHV1-8,IGHJ5,ARVGNWFDP,2,C2_e1_a1_f1_c1|C3_e1_a1_f1_c1
IGHV3-30,IGHJ4,ARDLIR,3,C2_e1_a1_f1_c1|C4_e1_a1_f1_c1|C9_e1_a1_f1_c1
IGHV3-53,IGHJ6,ARDGYYYYYGMDV,2,C2_e1_a1_f1_c1|C4_e1_a1_f1_c1
IGHV3-23,IGHJ4,AKGRPFDY,2,C2_e1_a1_f1_c1|C8_e1_a1_f1_c1
IGHV4-61,IGHJ5,ARGGGGWFDP,2,C10_e1_a1_f1_c1|C2_e1_a1_f1_c1
IGHV3-23,IGHJ4,AKGYFDY,2,C2_e1_a1_f1_c1|C7_e1_a1_f1_c1
IGHV3-48,IGHJ4,ARDPGY,2,C2_e1_a1_f1_c1|C8_e1_a1_f1_c1
IGHV3-48,IGHJ3,VRDHNWAFDI,2,C2_e1_a1_f1_c1|C4_e1_a1_f1_c1
IGHV3-23,IGHJ4,AKDRSSGGSCYNY,2,C2_e1_a1_f1_c1|C4_e1_a1_f1_c1
IGHV2-5,IGHJ4,AHIRGY,2,C2_e1_a1_f1_c1|C7_e1_a1_f1_c1
IGHV4-39,IGHJ4,YSYGY,2,C2_e1_a1_f1_c1|C5_e1_a1_f1_c1
IGHV3-74,IGHJ4,VRDSSGSY,3,C2_e1_a1_f1_c1|C3_e1_a1_f1_c1|C9_e1_a1_f1_c1
IGHV5-51,IGHJ4,ARHPYGDYVFDY,2,C2_e1_a1_f1_c1|C6_e1_a1_f1_c1
IGHV3-48,IGHJ4,VRDHNWAFDY,4,C2_e1_a1_f1_c1|C7_e1_a1_f1_c1|C8_e1_a1_f1_c1|C9_e1_a1_f1_c1
IGHV3-48,IGHJ4,ARKGDY,2,C10_e1_a1_f1_c1|C2_e1_a1_f1_c1
IGHV3-30,IGHJ4,ARGVDY,2,C2_e1_a1_f1_c1|C8_e1_a1_f1_c1
IGHV3-7,IGHJ4,TRDER,2,C2_e1_a1_f1_c1|C5_e1_a1_f1_c1
IGHV3-7,IGHJ4,ARDWDY,2,C11_e1_a1_f1_c1|C2_e1_a1_f1_c1
IGHV3-7,IGHJ4,ARDADYQGIDY,2,C2_e1_a1_f1_c1|C3_e1_a1_f1_c1
IGHV3-48,IGHJ4,ARDRDWAFDY,3,C2_e1_a1_f1_c1|C4_e1_a1_f1_c1|C5_e1_a1_f1_c1
IGHV4-34,IGHJ6,ARKRGMDV,2,C2_e1_a1_f1_c1|C5_e1_a1_f1_c1
IGHV4-59,IGHJ2,ARRGYFDL,4,C2_e1_a1_f1_c1|C5_e1_a1_f1_c1|C8_e1_a1_f1_c1|C9_e1_a1_f1_c1
IGHV4-31,IGHJ5,ARALNWFDP,2,C2_e1_a1_f1_c1|C4_e1_a1_f1_c1
IGHV4-31,IGHJ3,ARSYCSGGSCYYAFDI,2,C11_e1_a1_f1_c1|C2_e1_a1_f1_c1
IGHV3-74,IGHJ4,VRSFDY,3,C2_e1_a1_f1_c1|C4_e1_a1_f1_c1|C8_e1_a1_f1_c1
IGHV4-34,IGHJ4,ARGGY,2,C2_e1_a1_f1_c1|C7_e1_a1_f1_c1
IGHV4-34,IGHJ4,ARGRTFDY,2,C10_e1_a1_f1_c1|C2_e1_a1_f1_c1
IGHV1-18,IGHJ4,ARGGY,2,C2_e1_a1_f1_c1|C7_e1_a1_f1_c1
IGHV3-21,IGHJ4,ARDRR,2,C2_e1_a1_f1_c1|C4_e1_a1_f1_c1
IGHV3-74,IGHJ4,VRDRPHWD,2,C2_e1_a1_f1_c1|C8_e1_a1_f1_c1
IGHV1-8,IGHJ5,ARVDYHDSSGSPNWFDP,2,C2_e1_a1_f1_c1|C3_e1_a1_f1_c1
IGHV3-53,IGHJ4,ARDLSY,2,C10_e1_a1_f1_c1|C2_e1_a1_f1_c1
IGHV3-7,IGHJ4,ARGPF,2,C2_e1_a1_f1_c1|C7_e1_a1_f1_c1
IGHV4-34,IGHJ3,ARRVRGVNDAFDI,2,C11_e1_a1_f1_c1|C2_e1_a1_f1_c1
IGHV3-53,IGHJ4,ARGYCSGGSCYFDY,2,C2_e1_a1_f1_c1|C4_e1_a1_f1_c1
IGHV3-30,IGHJ4,LRDVIR,2,C2_e1_a1_f1_c1|C7_e1_a1_f1_c1
IGHV1-46,IGHJ3,ARDGGAFDI,2,C2_e1_a1_f1_c1|C7_e1_a1_f1_c1
IGHV3-23,IGHJ4,AKGRQWELPLDY,2,C11_e1_a1_f1_c1|C2_e1_a1_f1_c1
IGHV4-39,IGHJ4,ARRGSSWYFDY,2,C2_e1_a1_f1_c1|C4_e1_a1_f1_c1
IGHV3-48,IGHJ4,ARGKQWGFDN,2,C2_e1_a1_f1_c1|C8_e1_a1_f1_c1
IGHV3-66,IGHJ4,ARDSGYFDY,2,C2_e1_a1_f1_c1|C6_e1_a1_f1_c1
IGHV3-48,IGHJ5,ARGPPLFDP,3,C10_e1_a1_f1_c1|C2_e1_a1_f1_c1|C7_e1_a1_f1_c1
IGHV3-15,IGHJ4,TTGIDY,2,C2_e1_a1_f1_c1|C9_e1_a1_f1_c1
IGHV3-74,IGHJ4,ARGSGVGDY,2,C2_e1_a1_f1_c1|C8_e1_a1_f1_c1
IGHV3-23,IGHJ5,AKDPPWFDP,2,C2_e1_a1_f1_c1|C8_e1_a1_f1_c1
IGHV3-23,IGHJ4,AKLLAH,2,C2_e1_a1_f1_c1|C7_e1_a1_f1_c1
IGHV3-23,IGHJ6,AKDRDGMDV,2,C2_e1_a1_f1_c1|C8_e1_a1_f1_c1
IGHV3-53,IGHJ6,ARDVGGMDV,2,C2_e1_a1_f1_c1|C4_e1_a1_f1_c1
IGHV4-59,IGHJ4,ARVRYSYGHFDY,2,C11_e1_a1_f1_c1|C2_e1_a1_f1_c1
IGHV3-48,IGHJ4,ARGDY,2,C2_e1_a1_f1_c1|C3_e1_a1_f1_c1
IGHV3-23,IGHJ4,AKRIVSGPFDY,2,C2_e1_a1_f1_c1|C9_e1_a1_f1_c1
IGHV3-74,IGHJ6,ARAGGGMDV,2,C11_e1_a1_f1_c1|C2_e1_a1_f1_c1
IGHV3-23,IGHJ4,AKNDY,2,C2_e1_a1_f1_c1|C4_e1_a1_f1_c1
IGHV3-30,IGHJ4,ARDDY,2,C2_e1_a1_f1_c1|C4_e1_a1_f1_c1
IGHV1-3,IGHJ6,ARDEDV,2,C11_e1_a1_f1_c1|C2_e1_a1_f1_c1
IGHV3-15,IGHJ4,TTGVG,2,C2_e1_a1_f1_c1|C8_e1_a1_f1_c1
IGHV4-39,IGHJ4,ARFPDY,2,C2_e1_a1_f1_c1|C6_e1_a1_f1_c1
IGHV1-18,IGHJ6,ARDLGCSSTSCYLYYYYGMDV,2,C2_e1_a1_f1_c1|C4_e1_a1_f1_c1
IGHV3-21,IGHJ4,ARGRYFDY,2,C11_e1_a1_f1_c1|C2_e1_a1_f1_c1
IGHV3-23,IGHJ4,AKALGL,2,C11_e1_a1_f1_c1|C2_e1_a1_f1_c1
IGHV3-7,IGHJ4,SRALES,2,C2_e1_a1_f1_c1|C9_e1_a1_f1_c1
IGHV3-30,IGHJ4,ARERGSSGRAGYFDY,2,C2_e1_a1_f1_c1|C4_e1_a1_f1_c1
IGHV3-23,IGHJ5,AKGRGWFDP,2,C2_e1_a1_f1_c1|C4_e1_a1_f1_c1
IGHV3-21,IGHJ3,ARDRDAFDI,2,C2_e1_a1_f1_c1|C5_e1_a1_f1_c1
IGHV1-18,IGHJ6,ARDRQGGV,2,C2_e1_a1_f1_c1|C7_e1_a1_f1_c1
IGHV1-18,IGHJ6,ARDRGGMDV,2,C2_e1_a1_f1_c1|C7_e1_a1_f1_c1
IGHV3-7,IGHJ4,ARGSGWLDY,2,C11_e1_a1_f1_c1|C2_e1_a1_f1_c1
IGHV3-74,IGHJ4,ARGGSGYYI,2,C11_e1_a1_f1_c1|C2_e1_a1_f1_c1
IGHV4-59,IGHJ3,ASLSAFDI,2,C11_e1_a1_f1_c1|C2_e1_a1_f1_c1
IGHV4-34,IGHJ5,ARGRGFDP,3,C11_e1_a1_f1_c1|C2_e1_a1_f1_c1|C7_e1_a1_f1_c1
IGHV1-18,IGHJ5,ARENNWFDP,2,C2_e1_a1_f1_c1|C4_e1_a1_f1_c1
IGHV3-9,IGHJ4,AKDLYCSSTSCYAGFDY,2,C2_e1_a1_f1_c1|C9_e1_a1_f1_c1
IGHV4-34,IGHJ6,ARGGYYYGMDV,2,C2_e1_a1_f1_c1|C3_e1_a1_f1_c1
IGHV4-34,IGHJ4,ARGPYYYDSSGYYPY,3,C2_e1_a1_f1_c1|C4_e1_a1_f1_c1|C8_e1_a1_f1_c1
IGHV1-2,IGHJ6,ARELDYYGMDV,2,C2_e1_a1_f1_c1|C3_e1_a1_f1_c1
IGHV4-34,IGHJ4,ARGEGDY,2,C10_e1_a1_f1_c1|C2_e1_a1_f1_c1
IGHV4-31,IGHJ4,ARDGGYYFDY,2,C2_e1_a1_f1_c1|C3_e1_a1_f1_c1
IGHV1-18,IGHJ4,ATGDYYFDY,2,C2_e1_a1_f1_c1|C7_e1_a1_f1_c1
IGHV4-59,IGHJ3,ARELVRGVIGAFDI,2,C2_e1_a1_f1_c1|C8_e1_a1_f1_c1
IGHV3-53,IGHJ6,ARDLDYYYGMDV,2,C11_e1_a1_f1_c1|C2_e1_a1_f1_c1
IGHV6-1,IGHJ4,ARGGEGYCSSTSCSFDY,2,C2_e1_a1_f1_c1|C3_e1_a1_f1_c1
IGHV3-7,IGHJ6,VRDMDV,2,C2_e1_a1_f1_c1|C9_e1_a1_f1_c1
IGHV3-23,IGHJ3,AKDPNGDYVGAFDT,2,C2_e1_a1_f1_c1|C8_e1_a1_f1_c1
IGHV3-15,IGHJ4,TTDLDY,3,C3_e1_a1_f1_c1|C4_e1_a1_f1_c1|C5_e1_a1_f1_c1
IGHV3-21,IGHJ3,ARDYYYDSSGYYPDAFDI,3,C11_e1_a1_f1_c1|C2_e1_a1_f1_c1|C6_e1_a1_f1_c1
IGHV3-30,IGHJ4,ARDYGDYPFDY,2,C2_e1_a1_f1_c1|C7_e1_a1_f1_c1
IGHV3-30,IGHJ4,AKDRGYSGYFFDY,2,C2_e1_a1_f1_c1|C6_e1_a1_f1_c1
IGHV4-59,IGHJ4,ARGWGYFDY,4,C11_e1_a1_f1_c1|C2_e1_a1_f1_c1|C5_e1_a1_f1_c1|C6_e1_a1_f1_c1
IGHV3-7,IGHJ4,ARGRGLDY,6,C10_e1_a1_f1_c1|C2_e1_a1_f1_c1|C3_e1_a1_f1_c1|C5_e1_a1_f1_c1|C7_e1_a1_f1_c1|C8_e1_a1_f1_c1
IGHV3-74,IGHJ5,ARSDWFDP,4,C11_e1_a1_f1_c1|C2_e1_a1_f1_c1|C3_e1_a1_f1_c1|C9_e1_a1_f1_c1
IGHV4-39,IGHJ5,ARLYGDYVGWFDP,2,C10_e1_a1_f1_c1|C2_e1_a1_f1_c1
IGHV3-53,IGHJ4,ARDSSGPAY,2,C2_e1_a1_f1_c1|C6_e1_a1_f1_c1
IGHV3-7,IGHJ4,ARRYFDY,2,C2_e1_a1_f1_c1|C5_e1_a1_f1_c1
IGHV3-48,IGHJ4,ARDKDYSFDY,2,C2_e1_a1_f1_c1|C8_e1_a1_f1_c1
IGHV3-30,IGHJ4,ARGSFDY,2,C2_e1_a1_f1_c1|C7_e1_a1_f1_c1
IGHV3-23,IGHJ5,AKGGYGSGSYYNNWFDP,2,C2_e1_a1_f1_c1|C8_e1_a1_f1_c1
IGHV3-23,IGHJ5,ARDPPWFDP,3,C10_e1_a1_f1_c1|C2_e1_a1_f1_c1|C4_e1_a1_f1_c1
IGHV3-23,IGHJ4,TKTGPYYFDY,2,C2_e1_a1_f1_c1|C3_e1_a1_f1_c1
IGHV3-30,IGHJ4,ARALD,2,C2_e1_a1_f1_c1|C7_e1_a1_f1_c1
IGHV3-21,IGHJ4,ARGSGYFDY,2,C2_e1_a1_f1_c1|C4_e1_a1_f1_c1
IGHV3-23,IGHJ4,AKEGGDY,2,C2_e1_a1_f1_c1|C8_e1_a1_f1_c1
IGHV3-53,IGHJ4,ARGGFDY,2,C2_e1_a1_f1_c1|C4_e1_a1_f1_c1
IGHV3-21,IGHJ4,ARDRGSGLDY,2,C2_e1_a1_f1_c1|C3_e1_a1_f1_c1
IGHV3-15,IGHJ4,TTGVN,2,C2_e1_a1_f1_c1|C8_e1_a1_f1_c1
IGHV3-21,IGHJ4,ARGEGD,2,C2_e1_a1_f1_c1|C3_e1_a1_f1_c1
IGHV5-51,IGHJ3,ARDDAFDI,2,C2_e1_a1_f1_c1|C7_e1_a1_f1_c1
IGHV1-69,IGHJ4,ARDRGY,2,C2_e1_a1_f1_c1|C4_e1_a1_f1_c1
IGHV3-74,IGHJ4,ARTGGLDY,2,C11_e1_a1_f1_c1|C2_e1_a1_f1_c1
IGHV4-39,IGHJ5,ARHPTGYPNWFDP,2,C2_e1_a1_f1_c1|C8_e1_a1_f1_c1
IGHV3-23,IGHJ4,AKHWVRTHDY,3,C11_e1_a1_f1_c1|C2_e1_a1_f1_c1|C5_e1_a1_f1_c1
IGHV3-7,IGHJ6,ARGMHV,2,C2_e1_a1_f1_c1|C5_e1_a1_f1_c1
IGHV4-59,IGHJ4,ARGGDYFDY,2,C2_e1_a1_f1_c1|C3_e1_a1_f1_c1
IGHV3-23,IGHJ4,AKSRGDY,3,C2_e1_a1_f1_c1|C3_e1_a1_f1_c1|C8_e1_a1_f1_c1
IGHV3-7,IGHJ4,ARDRVYYYDSSGYSDY,2,C2_e1_a1_f1_c1|C6_e1_a1_f1_c1
IGHV3-48,IGHJ4,ARNFDY,2,C2_e1_a1_f1_c1|C5_e1_a1_f1_c1
IGHV4-59,IGHJ6,ARDPDV,2,C11_e1_a1_f1_c1|C2_e1_a1_f1_c1
IGHV3-49,IGHJ3,TRGGDAFDI,2,C2_e1_a1_f1_c1|C8_e1_a1_f1_c1
IGHV3-21,IGHJ4,ARDRDFDY,2,C2_e1_a1_f1_c1|C3_e1_a1_f1_c1
IGHV3-48,IGHJ4,ARGLDY,2,C2_e1_a1_f1_c1|C5_e1_a1_f1_c1
IGHV3-15,IGHJ4,TARGGD,2,C2_e1_a1_f1_c1|C3_e1_a1_f1_c1
IGHV3-23,IGHJ4,AKGRGDY,2,C2_e1_a1_f1_c1|C6_e1_a1_f1_c1
IGHV5-51,IGHJ4,ARRVGATARYFDY,2,C2_e1_a1_f1_c1|C5_e1_a1_f1_c1
IGHV3-53,IGHJ4,ARGRDGYIDY,2,C2_e1_a1_f1_c1|C4_e1_a1_f1_c1
IGHV1-69,IGHJ4,ARDQSGSYDY,2,C2_e1_a1_f1_c1|C8_e1_a1_f1_c1
IGHV4-31,IGHJ4,ARASGSYFDY,2,C2_e1_a1_f1_c1|C7_e1_a1_f1_c1
IGHV3-33,IGHJ4,ARELDY,2,C10_e1_a1_f1_c1|C2_e1_a1_f1_c1
IGHV3-7,IGHJ5,ARGRFDP,2,C2_e1_a1_f1_c1|C5_e1_a1_f1_c1
IGHV4-59,IGHJ6,ARQRGYYYGMDV,2,C2_e1_a1_f1_c1|C3_e1_a1_f1_c1
IGHV3-74,IGHJ6,ARGRGVSEDV,2,C2_e1_a1_f1_c1|C5_e1_a1_f1_c1
IGHV3-7,IGHJ4,ARIGYSSASLDY,3,C11_e1_a1_f1_c1|C2_e1_a1_f1_c1|C5_e1_a1_f1_c1
IGHV3-23,IGHJ4,AKDLGSSADY,2,C2_e1_a1_f1_c1|C5_e1_a1_f1_c1
IGHV3-7,IGHJ3,ARGDYYDSSGYYHDAFDI,3,C2_e1_a1_f1_c1|C4_e1_a1_f1_c1|C7_e1_a1_f1_c1
IGHV4-39,IGHJ4,ARQQWLATFDY,2,C2_e1_a1_f1_c1|C8_e1_a1_f1_c1
IGHV3-7,IGHJ4,ASLDY,3,C2_e1_a1_f1_c1|C3_e1_a1_f1_c1|C5_e1_a1_f1_c1
IGHV1-3,IGHJ4,ATGSRRDY,2,C2_e1_a1_f1_c1|C9_e1_a1_f1_c1
IGHV3-48,IGHJ4,ARTIDY,2,C2_e1_a1_f1_c1|C8_e1_a1_f1_c1
IGHV2-26,IGHJ6,ARIRDYYYYGMDV,2,C2_e1_a1_f1_c1|C8_e1_a1_f1_c1
IGHV3-74,IGHJ4,TRDRPIDY,2,C11_e1_a1_f1_c1|C2_e1_a1_f1_c1
IGHV4-59,IGHJ4,ARHSGSYWY,2,C2_e1_a1_f1_c1|C8_e1_a1_f1_c1
IGHV4-34,IGHJ5,ARGRRFDP,2,C2_e1_a1_f1_c1|C9_e1_a1_f1_c1
IGHV4-39,IGHJ4,ARRRDYYGSGIDY,2,C11_e1_a1_f1_c1|C2_e1_a1_f1_c1
IGHV3-74,IGHJ4,ARGYSGTYRIDY,2,C2_e1_a1_f1_c1|C9_e1_a1_f1_c1
IGHV4-31,IGHJ4,ARGGYYDILTGYYYYFDY,2,C2_e1_a1_f1_c1|C8_e1_a1_f1_c1
IGHV3-48,IGHJ6,ARGDGMDV,2,C2_e1_a1_f1_c1|C9_e1_a1_f1_c1
IGHV3-7,IGHJ4,ARGRYYFDY,2,C2_e1_a1_f1_c1|C6_e1_a1_f1_c1
IGHV1-69,IGHJ4,ARGDYYDSSGPFDY,2,C2_e1_a1_f1_c1|C6_e1_a1_f1_c1
IGHV4-34,IGHJ5,ARGPLRSWFDP,2,C10_e1_a1_f1_c1|C2_e1_a1_f1_c1
IGHV1-18,IGHJ3,AREGGAFDI,2,C2_e1_a1_f1_c1|C6_e1_a1_f1_c1
IGHV4-59,IGHJ4,ARRGYFDY,4,C11_e1_a1_f1_c1|C2_e1_a1_f1_c1|C3_e1_a1_f1_c1|C5_e1_a1_f1_c1
IGHV6-1,IGHJ4,ARGGGAFDY,2,C2_e1_a1_f1_c1|C8_e1_a1_f1_c1
IGHV1-8,IGHJ5,ARDYGGNSGWFDP,2,C2_e1_a1_f1_c1|C5_e1_a1_f1_c1
IGHV3-48,IGHJ4,VRDHLWAFDY,2,C2_e1_a1_f1_c1|C5_e1_a1_f1_c1
IGHV4-59,IGHJ4,ARAYCGGDCYLDY,2,C2_e1_a1_f1_c1|C5_e1_a1_f1_c1
IGHV3-23,IGHJ6,AKGVGYYYYGMDV,2,C2_e1_a1_f1_c1|C4_e1_a1_f1_c1
IGHV3-53,IGHJ4,ARDLN,2,C2_e1_a1_f1_c1|C4_e1_a1_f1_c1
IGHV3-7,IGHJ4,ARDPVRGGDLDY,2,C2_e1_a1_f1_c1|C5_e1_a1_f1_c1
IGHV3-7,IGHJ3,ARDPYDSSAYGAFDI,2,C2_e1_a1_f1_c1|C5_e1_a1_f1_c1
IGHV2-26,IGHJ4,ARIRYYYDSSGYYLDY,2,C2_e1_a1_f1_c1|C9_e1_a1_f1_c1
IGHV3-30,IGHJ4,ARDDRGSIDY,2,C2_e1_a1_f1_c1|C3_e1_a1_f1_c1
IGHV3-7,IGHJ4,SRSLES,2,C2_e1_a1_f1_c1|C9_e1_a1_f1_c1
IGHV4-4,IGHJ4,ARLDY,2,C11_e1_a1_f1_c1|C2_e1_a1_f1_c1
IGHV4-31,IGHJ5,ARAINWFDP,2,C2_e1_a1_f1_c1|C6_e1_a1_f1_c1
IGHV3-33,IGHJ4,AKDSSGWFDY,2,C11_e1_a1_f1_c1|C2_e1_a1_f1_c1
IGHV3-7,IGHJ4,ARGSGWYDY,2,C2_e1_a1_f1_c1|C9_e1_a1_f1_c1
IGHV4-39,IGHJ5,ARRIAVAGTNWFDP,2,C2_e1_a1_f1_c1|C8_e1_a1_f1_c1
IGHV5-51,IGHJ4,ARHLNYYGSGRYFDY,2,C2_e1_a1_f1_c1|C4_e1_a1_f1_c1
IGHV3-30,IGHJ4,ARDRGYFDY,3,C11_e1_a1_f1_c1|C2_e1_a1_f1_c1|C7_e1_a1_f1_c1
IGHV3-9,IGHJ6,AKDRDYYYYYGMDV,2,C2_e1_a1_f1_c1|C5_e1_a1_f1_c1
IGHV3-23,IGHJ5,AKGGWLDD,2,C2_e1_a1_f1_c1|C3_e1_a1_f1_c1
IGHV3-7,IGHJ4,ASPGY,2,C11_e1_a1_f1_c1|C2_e1_a1_f1_c1
IGHV3-74,IGHJ6,ARDSRYGLDV,2,C2_e1_a1_f1_c1|C3_e1_a1_f1_c1
IGHV1-69,IGHJ4,ARFYGSGSYYFDY,2,C2_e1_a1_f1_c1|C3_e1_a1_f1_c1
IGHV3-23,IGHJ4,AKTGDY,2,C2_e1_a1_f1_c1|C3_e1_a1_f1_c1
IGHV4-39,IGHJ6,ARHMDV,2,C2_e1_a1_f1_c1|C9_e1_a1_f1_c1
IGHV3-23,IGHJ3,AKVWRGYGDYHAFDI,2,C2_e1_a1_f1_c1|C9_e1_a1_f1_c1
IGHV1-18,IGHJ4,ARLWFGELLPDY,2,C2_e1_a1_f1_c1|C4_e1_a1_f1_c1
IGHV1-8,IGHJ4,ARDAY,2,C2_e1_a1_f1_c1|C3_e1_a1_f1_c1
IGHV1-18,IGHJ4,ARDGIAVAGTFDY,2,C2_e1_a1_f1_c1|C7_e1_a1_f1_c1
IGHV3-30,IGHJ4,ANLDY,2,C2_e1_a1_f1_c1|C3_e1_a1_f1_c1
IGHV4-59,IGHJ4,ARGTYYYGSGSYYYFDY,2,C2_e1_a1_f1_c1|C3_e1_a1_f1_c1
IGHV4-4,IGHJ4,ASGIAAAGTFDY,2,C2_e1_a1_f1_c1|C3_e1_a1_f1_c1
IGHV3-23,IGHJ4,TKGAHLDY,2,C2_e1_a1_f1_c1|C8_e1_a1_f1_c1
IGHV1-69,IGHJ4,ARGGYNYYFDY,2,C11_e1_a1_f1_c1|C2_e1_a1_f1_c1
IGHV5-51,IGHJ4,ARRLLTGDRGGPFDY,2,C2_e1_a1_f1_c1|C3_e1_a1_f1_c1
IGHV3-30,IGHJ3,AKGVDTAMADAFDI,2,C2_e1_a1_f1_c1|C8_e1_a1_f1_c1
IGHV6-1,IGHJ6,ARDYYYGMDV,2,C2_e1_a1_f1_c1|C5_e1_a1_f1_c1
IGHV4-59,IGHJ4,TRDRRDGYNYVDL,2,C2_e1_a1_f1_c1|C8_e1_a1_f1_c1
IGHV4-34,IGHJ4,ARGRYSSGLDY,2,C2_e1_a1_f1_c1|C6_e1_a1_f1_c1
IGHV3-23,IGHJ4,AKPLYSSGWYYFDY,2,C2_e1_a1_f1_c1|C8_e1_a1_f1_c1
IGHV4-34,IGHJ4,ARSYLGGWYYFDY,2,C2_e1_a1_f1_c1|C8_e1_a1_f1_c1
IGHV4-59,IGHJ6,ARGGPYYYYGMDV,2,C10_e1_a1_f1_c1|C2_e1_a1_f1_c1
IGHV3-23,IGHJ4,ARQVGPDY,2,C2_e1_a1_f1_c1|C8_e1_a1_f1_c1
IGHV3-23,IGHJ4,AKDRYSSGWYDY,2,C2_e1_a1_f1_c1|C5_e1_a1_f1_c1
IGHV3-74,IGHJ4,ATSRTFDY,3,C2_e1_a1_f1_c1|C4_e1_a1_f1_c1|C7_e1_a1_f1_c1
IGHV4-59,IGHJ5,ARGRWFDP,4,C2_e1_a1_f1_c1|C4_e1_a1_f1_c1|C5_e1_a1_f1_c1|C9_e1_a1_f1_c1
IGHV4-59,IGHJ6,AREGYYGMDV,2,C2_e1_a1_f1_c1|C4_e1_a1_f1_c1
IGHV3-9,IGHJ4,AKDSGGY,2,C2_e1_a1_f1_c1|C6_e1_a1_f1_c1
IGHV4-39,IGHJ3,VRPRNHGFDM,2,C2_e1_a1_f1_c1|C4_e1_a1_f1_c1
IGHV3-21,IGHJ4,ARDTHGPFDY,2,C2_e1_a1_f1_c1|C9_e1_a1_f1_c1
IGHV3-7,IGHJ4,ARGRGDY,3,C2_e1_a1_f1_c1|C6_e1_a1_f1_c1|C7_e1_a1_f1_c1
IGHV4-59,IGHJ4,ARGYSSSWPFDY,2,C2_e1_a1_f1_c1|C9_e1_a1_f1_c1
IGHV3-30,IGHJ3,AKDTGAFDI,2,C2_e1_a1_f1_c1|C7_e1_a1_f1_c1
IGHV3-23,IGHJ4,AKDPRGPDY,3,C2_e1_a1_f1_c1|C5_e1_a1_f1_c1|C9_e1_a1_f1_c1
IGHV1-46,IGHJ4,ARGMRDYFDY,2,C11_e1_a1_f1_c1|C2_e1_a1_f1_c1
IGHV1-69,IGHJ4,AREGGY,2,C2_e1_a1_f1_c1|C3_e1_a1_f1_c1
IGHV3-30,IGHJ4,ARAPDYYDSSGFDY,2,C2_e1_a1_f1_c1|C4_e1_a1_f1_c1
IGHV3-23,IGHJ4,AKGGSYFDY,2,C2_e1_a1_f1_c1|C6_e1_a1_f1_c1
IGHV3-33,IGHJ4,AANFDF,2,C2_e1_a1_f1_c1|C3_e1_a1_f1_c1
IGHV3-7,IGHJ6,ARGRGMDV,4,C2_e1_a1_f1_c1|C3_e1_a1_f1_c1|C5_e1_a1_f1_c1|C8_e1_a1_f1_c1
IGHV3-15,IGHJ4,TTFDY,2,C2_e1_a1_f1_c1|C8_e1_a1_f1_c1
IGHV1-69,IGHJ4,ARGGY,2,C2_e1_a1_f1_c1|C3_e1_a1_f1_c1
IGHV3-7,IGHJ4,VTIPY,2,C3_e1_a1_f1_c1|C7_e1_a1_f1_c1
IGHV3-23,IGHJ4,AKAAAGYFDY,2,C3_e1_a1_f1_c1|C8_e1_a1_f1_c1
IGHV3-74,IGHJ6,ARGNYYGMDV,2,C11_e1_a1_f1_c1|C3_e1_a1_f1_c1
IGHV3-23,IGHJ6,ARGYYGMDV,2,C3_e1_a1_f1_c1|C4_e1_a1_f1_c1
IGHV3-33,IGHJ4,ARDDDTSSHYSRFEY,2,C3_e1_a1_f1_c1|C8_e1_a1_f1_c1
IGHV3-7,IGHJ4,ARGKGLDY,2,C3_e1_a1_f1_c1|C5_e1_a1_f1_c1
IGHV4-59,IGHJ5,ARHSSSSRGWFDP,2,C11_e1_a1_f1_c1|C3_e1_a1_f1_c1
IGHV3-33,IGHJ4,ARAVGPFDY,3,C11_e1_a1_f1_c1|C3_e1_a1_f1_c1|C8_e1_a1_f1_c1
IGHV3-23,IGHJ4,AKDPITMVRGVFDY,3,C11_e1_a1_f1_c1|C3_e1_a1_f1_c1|C5_e1_a1_f1_c1
IGHV1-24,IGHJ4,ATVGYSGYDLDY,2,C3_e1_a1_f1_c1|C4_e1_a1_f1_c1
IGHV1-18,IGHJ4,ARGSYFDY,2,C3_e1_a1_f1_c1|C5_e1_a1_f1_c1
IGHV3-23,IGHJ4,AKSRYSSSWYYFDY,2,C3_e1_a1_f1_c1|C6_e1_a1_f1_c1
IGHV1-69,IGHJ4,ARAYYDFWSGYPDY,2,C3_e1_a1_f1_c1|C5_e1_a1_f1_c1
IGHV3-23,IGHJ4,AKGGWLDY,2,C11_e1_a1_f1_c1|C3_e1_a1_f1_c1
IGHV3-9,IGHJ6,VKDILPGGADV,2,C3_e1_a1_f1_c1|C9_e1_a1_f1_c1
IGHV4-59,IGHJ4,ARFDGSGSYLAY,2,C3_e1_a1_f1_c1|C8_e1_a1_f1_c1
IGHV4-39,IGHJ4,ARRHYYDSSGYDY,2,C3_e1_a1_f1_c1|C4_e1_a1_f1_c1
IGHV3-48,IGHJ5,ARGNWFDP,2,C3_e1_a1_f1_c1|C8_e1_a1_f1_c1
IGHV3-23,IGHJ4,VKGGWLDY,4,C10_e1_a1_f1_c1|C3_e1_a1_f1_c1|C4_e1_a1_f1_c1|C8_e1_a1_f1_c1
IGHV5-51,IGHJ4,ARRYCSGGSCYSFDY,2,C3_e1_a1_f1_c1|C6_e1_a1_f1_c1
IGHV4-59,IGHJ5,ARGSNWFDP,3,C3_e1_a1_f1_c1|C7_e1_a1_f1_c1|C8_e1_a1_f1_c1
IGHV3-30-3,IGHJ6,ARGGSGSYYYYFYYMDV,2,C3_e1_a1_f1_c1|C8_e1_a1_f1_c1
IGHV4-34,IGHJ6,ARGRYMDV,2,C3_e1_a1_f1_c1|C8_e1_a1_f1_c1
IGHV4-34,IGHJ5,ARGPWFDP,2,C3_e1_a1_f1_c1|C4_e1_a1_f1_c1
IGHV4-59,IGHJ4,ARYSSGWYYFDY,2,C3_e1_a1_f1_c1|C5_e1_a1_f1_c1
IGHV3-23,IGHJ4,AKLTSGWFEDY,2,C3_e1_a1_f1_c1|C5_e1_a1_f1_c1
IGHV3-74,IGHJ4,ARAAAGFDY,2,C3_e1_a1_f1_c1|C7_e1_a1_f1_c1
IGHV4-4,IGHJ4,ARDLDY,2,C3_e1_a1_f1_c1|C7_e1_a1_f1_c1
IGHV4-59,IGHJ5,ARHGDFWSGRSWFDP,2,C3_e1_a1_f1_c1|C8_e1_a1_f1_c1
IGHV4-34,IGHJ6,ARGSGMDV,2,C3_e1_a1_f1_c1|C5_e1_a1_f1_c1
IGHV3-23,IGHJ4,AKDYGGNPFDY,2,C3_e1_a1_f1_c1|C5_e1_a1_f1_c1
IGHV3-30-3,IGHJ6,GRGGSGSYYYYYYYMDV,2,C3_e1_a1_f1_c1|C8_e1_a1_f1_c1
IGHV4-38-2,IGHJ4,ARGRGPDY,2,C3_e1_a1_f1_c1|C7_e1_a1_f1_c1
IGHV3-23,IGHJ4,AKDPLDY,2,C3_e1_a1_f1_c1|C5_e1_a1_f1_c1
IGHV4-59,IGHJ4,ARGYSSSWYYFDY,3,C3_e1_a1_f1_c1|C4_e1_a1_f1_c1|C9_e1_a1_f1_c1
IGHV5-51,IGHJ4,ARTFYGSGSYPDY,2,C10_e1_a1_f1_c1|C3_e1_a1_f1_c1
IGHV1-18,IGHJ2,ARGGAAAGRGWYFDL,2,C3_e1_a1_f1_c1|C4_e1_a1_f1_c1
IGHV4-31,IGHJ3,ARDDAFDI,2,C11_e1_a1_f1_c1|C3_e1_a1_f1_c1
IGHV1-46,IGHJ4,ARNVGSGFDY,2,C3_e1_a1_f1_c1|C5_e1_a1_f1_c1
IGHV4-59,IGHJ4,ARGRPFDY,2,C3_e1_a1_f1_c1|C9_e1_a1_f1_c1
IGHV3-7,IGHJ5,ARGRWFDP,2,C3_e1_a1_f1_c1|C9_e1_a1_f1_c1
IGHV3-72,IGHJ6,VRGNNGLDV,2,C3_e1_a1_f1_c1|C5_e1_a1_f1_c1
IGHV3-23,IGHJ6,AKDYYYGMDV,2,C3_e1_a1_f1_c1|C4_e1_a1_f1_c1
IGHV4-34,IGHJ4,ARGGYSSSFDY,2,C3_e1_a1_f1_c1|C7_e1_a1_f1_c1
IGHV3-7,IGHJ4,ARGGGDY,2,C11_e1_a1_f1_c1|C3_e1_a1_f1_c1
IGHV1-69,IGHJ3,ARGPDAFDI,2,C10_e1_a1_f1_c1|C3_e1_a1_f1_c1
IGHV1-18,IGHJ4,ARGGSGWYSDY,2,C3_e1_a1_f1_c1|C7_e1_a1_f1_c1
IGHV1-18,IGHJ4,ARGFDY,2,C3_e1_a1_f1_c1|C5_e1_a1_f1_c1
IGHV3-7,IGHJ4,ARDLAALDY,2,C3_e1_a1_f1_c1|C4_e1_a1_f1_c1
IGHV1-69,IGHJ6,ARGSYYYYGMDV,2,C10_e1_a1_f1_c1|C3_e1_a1_f1_c1
IGHV3-7,IGHJ4,ARLRGGYDFDY,2,C3_e1_a1_f1_c1|C9_e1_a1_f1_c1
IGHV3-7,IGHJ3,ARDPEWGALDI,2,C3_e1_a1_f1_c1|C9_e1_a1_f1_c1
IGHV4-39,IGHJ4,ARHSRGLFDY,2,C3_e1_a1_f1_c1|C6_e1_a1_f1_c1
IGHV3-7,IGHJ4,AREWDY,3,C3_e1_a1_f1_c1|C5_e1_a1_f1_c1|C6_e1_a1_f1_c1
IGHV3-7,IGHJ4,ARGSGYYYV,2,C3_e1_a1_f1_c1|C8_e1_a1_f1_c1
IGHV5-51,IGHJ5,ARRYCSGGSCPNWFDP,2,C3_e1_a1_f1_c1|C4_e1_a1_f1_c1
IGHV4-59,IGHJ6,ARGYYYYYYGMDV,2,C3_e1_a1_f1_c1|C4_e1_a1_f1_c1
IGHV3-7,IGHJ4,GCSRTFDY,2,C3_e1_a1_f1_c1|C5_e1_a1_f1_c1
IGHV4-59,IGHJ4,ARDRSWYDY,2,C3_e1_a1_f1_c1|C4_e1_a1_f1_c1
IGHV4-39,IGHJ4,ARLDY,2,C3_e1_a1_f1_c1|C6_e1_a1_f1_c1
IGHV1-2,IGHJ4,LTDGG,2,C3_e1_a1_f1_c1|C8_e1_a1_f1_c1
IGHV3-9,IGHJ3,AKGDAFDI,2,C3_e1_a1_f1_c1|C9_e1_a1_f1_c1
IGHV3-23,IGHJ4,AKDPGYCSGGSCYYFDY,2,C3_e1_a1_f1_c1|C5_e1_a1_f1_c1
IGHV3-48,IGHJ4,AGGDSSGYYPIDY,2,C3_e1_a1_f1_c1|C9_e1_a1_f1_c1
IGHV3-7,IGHJ4,ARDPWDY,2,C3_e1_a1_f1_c1|C5_e1_a1_f1_c1
IGHV3-30-3,IGHJ4,ARDGGSYFDY,2,C3_e1_a1_f1_c1|C8_e1_a1_f1_c1
IGHV4-34,IGHJ4,ARGRGLDY,2,C3_e1_a1_f1_c1|C4_e1_a1_f1_c1
IGHV4-59,IGHJ3,ARRGDGGRAFDI,2,C3_e1_a1_f1_c1|C9_e1_a1_f1_c1
IGHV3-74,IGHJ6,ARGGGMDV,2,C3_e1_a1_f1_c1|C8_e1_a1_f1_c1
IGHV3-7,IGHJ4,AKNFHWSADDY,2,C3_e1_a1_f1_c1|C4_e1_a1_f1_c1
IGHV4-34,IGHJ4,ARGRGY,2,C3_e1_a1_f1_c1|C4_e1_a1_f1_c1
IGHV4-34,IGHJ6,ARGRNYYGMDV,2,C3_e1_a1_f1_c1|C7_e1_a1_f1_c1
IGHV3-30,IGHJ4,ARDVSGSIDY,2,C3_e1_a1_f1_c1|C9_e1_a1_f1_c1
IGHV4-59,IGHJ4,ARGYCSGGSCYHLDY,2,C3_e1_a1_f1_c1|C4_e1_a1_f1_c1
IGHV3-23,IGHJ4,AKEPFDY,2,C3_e1_a1_f1_c1|C7_e1_a1_f1_c1
IGHV3-23,IGHJ4,AKGSGVDY,2,C3_e1_a1_f1_c1|C8_e1_a1_f1_c1
IGHV4-34,IGHJ6,ARVIAAAGTYYYYYMDV,2,C3_e1_a1_f1_c1|C8_e1_a1_f1_c1
IGHV1-2,IGHJ4,AREGSWLFDY,2,C11_e1_a1_f1_c1|C3_e1_a1_f1_c1
IGHV3-48,IGHJ4,VPGGLRFFDY,2,C3_e1_a1_f1_c1|C8_e1_a1_f1_c1
IGHV3-7,IGHJ4,ARDER,2,C3_e1_a1_f1_c1|C5_e1_a1_f1_c1
IGHV3-23,IGHJ4,AKDQRN,2,C3_e1_a1_f1_c1|C4_e1_a1_f1_c1
IGHV3-74,IGHJ6,ARGYGMDV,2,C3_e1_a1_f1_c1|C4_e1_a1_f1_c1
IGHV3-23,IGHJ4,AKIYDFWSGYYDY,2,C3_e1_a1_f1_c1|C7_e1_a1_f1_c1
IGHV3-23,IGHJ4,AKDGDSSSWYDIDY,2,C3_e1_a1_f1_c1|C8_e1_a1_f1_c1
IGHV4-31,IGHJ4,ARDYYDSSGYYYFDY,2,C3_e1_a1_f1_c1|C9_e1_a1_f1_c1
IGHV3-23,IGHJ4,AKGGGKPDY,2,C3_e1_a1_f1_c1|C4_e1_a1_f1_c1
IGHV3-15,IGHJ4,TTDGWN,2,C3_e1_a1_f1_c1|C5_e1_a1_f1_c1
IGHV3-23,IGHJ4,AKAAPFDY,2,C3_e1_a1_f1_c1|C4_e1_a1_f1_c1
IGHV5-51,IGHJ6,ARLYCSSTSCYYYYYGMDV,2,C3_e1_a1_f1_c1|C8_e1_a1_f1_c1
IGHV3-23,IGHJ4,AKDGGSDY,2,C3_e1_a1_f1_c1|C7_e1_a1_f1_c1
IGHV4-34,IGHJ4,ARGRDY,2,C3_e1_a1_f1_c1|C7_e1_a1_f1_c1
IGHV1-2,IGHJ5,ARDPYSSGWYNWFDP,2,C3_e1_a1_f1_c1|C5_e1_a1_f1_c1
IGHV4-31,IGHJ6,ARGRGGGMDV,2,C3_e1_a1_f1_c1|C9_e1_a1_f1_c1
IGHV4-4,IGHJ5,ARGGNWFDP,2,C3_e1_a1_f1_c1|C9_e1_a1_f1_c1
IGHV3-9,IGHJ5,AKGRWFDP,2,C3_e1_a1_f1_c1|C6_e1_a1_f1_c1
IGHV3-30-3,IGHJ4,ARDPIAARQSGYFDY,2,C3_e1_a1_f1_c1|C7_e1_a1_f1_c1
IGHV4-59,IGHJ6,ARGDYYYYGMDV,2,C3_e1_a1_f1_c1|C5_e1_a1_f1_c1
IGHV4-34,IGHJ4,ARGYYGSGSYFDY,2,C3_e1_a1_f1_c1|C4_e1_a1_f1_c1
IGHV4-34,IGHJ5,AREGSSSS,2,C3_e1_a1_f1_c1|C7_e1_a1_f1_c1
IGHV4-59,IGHJ3,ARQVDDAFDI,2,C3_e1_a1_f1_c1|C8_e1_a1_f1_c1
IGHV3-7,IGHJ4,ATGPFDY,2,C3_e1_a1_f1_c1|C7_e1_a1_f1_c1
IGHV3-33,IGHJ5,AKGITGTTSWFDP,2,C3_e1_a1_f1_c1|C5_e1_a1_f1_c1
IGHV3-43,IGHJ4,AKADY,2,C3_e1_a1_f1_c1|C8_e1_a1_f1_c1
IGHV3-7,IGHJ4,ARGRGFDY,2,C3_e1_a1_f1_c1|C6_e1_a1_f1_c1
IGHV5-51,IGHJ5,ARHGSIGARQNWFDP,2,C3_e1_a1_f1_c1|C8_e1_a1_f1_c1
IGHV4-39,IGHJ4,ARLGNFDY,2,C3_e1_a1_f1_c1|C4_e1_a1_f1_c1
IGHV4-34,IGHJ4,ARGYCSSTSCYLYYFDY,2,C3_e1_a1_f1_c1|C9_e1_a1_f1_c1
IGHV3-48,IGHJ5,ARGPFDP,2,C3_e1_a1_f1_c1|C7_e1_a1_f1_c1
IGHV4-59,IGHJ4,ARPPGY,2,C3_e1_a1_f1_c1|C7_e1_a1_f1_c1
IGHV1-8,IGHJ4,ARGRDY,2,C3_e1_a1_f1_c1|C9_e1_a1_f1_c1
IGHV3-48,IGHJ4,ARRYCSSTSCLIDY,2,C3_e1_a1_f1_c1|C9_e1_a1_f1_c1
IGHV3-48,IGHJ4,ARGTSY,2,C3_e1_a1_f1_c1|C9_e1_a1_f1_c1
IGHV3-74,IGHJ4,ARGGGYSYGSFDY,3,C3_e1_a1_f1_c1|C4_e1_a1_f1_c1|C5_e1_a1_f1_c1
IGHV4-39,IGHJ6,ARLYGMDV,2,C3_e1_a1_f1_c1|C5_e1_a1_f1_c1
IGHV3-23,IGHJ4,AKGQR,2,C3_e1_a1_f1_c1|C4_e1_a1_f1_c1
IGHV3-48,IGHJ3,ARGAFDI,2,C3_e1_a1_f1_c1|C6_e1_a1_f1_c1
IGHV3-48,IGHJ4,ARGRYYFDY,2,C3_e1_a1_f1_c1|C5_e1_a1_f1_c1
IGHV4-59,IGHJ4,AREAAAGTFDY,2,C3_e1_a1_f1_c1|C7_e1_a1_f1_c1
IGHV3-23,IGHJ4,AKDPGYSSGWYDY,2,C11_e1_a1_f1_c1|C3_e1_a1_f1_c1
IGHV3-30,IGHJ6,AREYGMDV,2,C3_e1_a1_f1_c1|C8_e1_a1_f1_c1
IGHV3-7,IGHJ4,VRGNSGSY,2,C3_e1_a1_f1_c1|C5_e1_a1_f1_c1
IGHV3-53,IGHJ4,ARGFDY,3,C3_e1_a1_f1_c1|C4_e1_a1_f1_c1|C5_e1_a1_f1_c1
IGHV5-51,IGHJ4,ARRGGDY,2,C3_e1_a1_f1_c1|C4_e1_a1_f1_c1
IGHV3-23,IGHJ4,AKDRSFDY,2,C3_e1_a1_f1_c1|C6_e1_a1_f1_c1
IGHV3-23,IGHJ4,AKDRVPDGFNNYDY,2,C11_e1_a1_f1_c1|C3_e1_a1_f1_c1
IGHV4-59,IGHJ4,ARGNGWYYY,2,C3_e1_a1_f1_c1|C5_e1_a1_f1_c1
IGHV3-73,IGHJ4,TTLKEDY,2,C3_e1_a1_f1_c1|C8_e1_a1_f1_c1
IGHV3-15,IGHJ4,TTLDY,2,C3_e1_a1_f1_c1|C6_e1_a1_f1_c1
IGHV3-23,IGHJ4,AKDLLRWAFDY,2,C3_e1_a1_f1_c1|C8_e1_a1_f1_c1
IGHV3-48,IGHJ4,ARGFDY,2,C3_e1_a1_f1_c1|C9_e1_a1_f1_c1
IGHV3-48,IGHJ4,ARGPFDY,3,C11_e1_a1_f1_c1|C3_e1_a1_f1_c1|C6_e1_a1_f1_c1
IGHV3-23,IGHJ4,AKGSGSYYFDY,2,C3_e1_a1_f1_c1|C6_e1_a1_f1_c1
IGHV3-30,IGHJ6,ARGGDYYYYYYMDV,2,C3_e1_a1_f1_c1|C9_e1_a1_f1_c1
IGHV3-23,IGHJ4,AKVDY,2,C3_e1_a1_f1_c1|C7_e1_a1_f1_c1
IGHV3-13,IGHJ3,ARGDSDAFDI,2,C3_e1_a1_f1_c1|C8_e1_a1_f1_c1
IGHV3-23,IGHJ4,AKDPFDY,2,C3_e1_a1_f1_c1|C9_e1_a1_f1_c1
IGHV3-9,IGHJ6,AKDMGVYYYYGMDV,2,C3_e1_a1_f1_c1|C5_e1_a1_f1_c1
IGHV3-21,IGHJ3,AREWELNAFDI,2,C3_e1_a1_f1_c1|C4_e1_a1_f1_c1
IGHV3-23,IGHJ4,AKGRDGYVFDY,2,C3_e1_a1_f1_c1|C8_e1_a1_f1_c1
IGHV3-74,IGHJ6,ARDRYYSMDV,2,C3_e1_a1_f1_c1|C8_e1_a1_f1_c1
IGHV6-1,IGHJ4,ARDFDY,3,C10_e1_a1_f1_c1|C3_e1_a1_f1_c1|C6_e1_a1_f1_c1
IGHV3-21,IGHJ4,ARDDY,2,C3_e1_a1_f1_c1|C7_e1_a1_f1_c1
IGHV3-21,IGHJ4,ARDRYFDY,2,C3_e1_a1_f1_c1|C5_e1_a1_f1_c1
IGHV3-23,IGHJ3,GRDPNGDYIGAFDF,2,C3_e1_a1_f1_c1|C4_e1_a1_f1_c1
IGHV3-7,IGHJ3,ARGVYAFDI,2,C3_e1_a1_f1_c1|C9_e1_a1_f1_c1
IGHV3-33,IGHJ3,ARDLDAFDI,2,C11_e1_a1_f1_c1|C3_e1_a1_f1_c1
IGHV3-23,IGHJ4,ARSRGFDY,2,C3_e1_a1_f1_c1|C6_e1_a1_f1_c1
IGHV3-48,IGHJ4,ARGYYFDY,2,C3_e1_a1_f1_c1|C8_e1_a1_f1_c1
IGHV4-59,IGHJ2,ARRGSSSYWYFDL,2,C11_e1_a1_f1_c1|C3_e1_a1_f1_c1
IGHV3-30-3,IGHJ4,AREIDY,2,C3_e1_a1_f1_c1|C8_e1_a1_f1_c1
IGHV4-34,IGHJ6,ARGGGYYYYYGMDV,2,C3_e1_a1_f1_c1|C8_e1_a1_f1_c1
IGHV4-59,IGHJ3,ARDPGDDAFDI,2,C3_e1_a1_f1_c1|C8_e1_a1_f1_c1
IGHV3-30,IGHJ4,ARGDYFDY,2,C3_e1_a1_f1_c1|C5_e1_a1_f1_c1
IGHV1-18,IGHJ5,ARASNWFDP,2,C11_e1_a1_f1_c1|C3_e1_a1_f1_c1
IGHV3-23,IGHJ4,AKGRSGVVPAAINY,2,C3_e1_a1_f1_c1|C5_e1_a1_f1_c1
IGHV3-30,IGHJ4,AKDYDFWSGYFDY,2,C3_e1_a1_f1_c1|C8_e1_a1_f1_c1
IGHV4-59,IGHJ6,ARRAYYYYYMDV,2,C3_e1_a1_f1_c1|C7_e1_a1_f1_c1
IGHV4-39,IGHJ4,ARQGATLDY,2,C3_e1_a1_f1_c1|C8_e1_a1_f1_c1
IGHV3-23,IGHJ5,AKDRYSSSSGWFDP,2,C3_e1_a1_f1_c1|C5_e1_a1_f1_c1
IGHV3-21,IGHJ6,ARDLAAAGLYYYYGMDV,2,C3_e1_a1_f1_c1|C4_e1_a1_f1_c1
IGHV3-7,IGHJ4,ARDAGNSGYDIFDY,2,C3_e1_a1_f1_c1|C4_e1_a1_f1_c1
IGHV1-69,IGHJ5,ARGNWFDP,2,C3_e1_a1_f1_c1|C5_e1_a1_f1_c1
IGHV4-59,IGHJ5,ARQLYCSGGSCYWFDP,2,C3_e1_a1_f1_c1|C8_e1_a1_f1_c1
IGHV4-34,IGHJ4,ARYYFDY,2,C3_e1_a1_f1_c1|C8_e1_a1_f1_c1
IGHV3-23,IGHJ4,AKDPDY,2,C3_e1_a1_f1_c1|C4_e1_a1_f1_c1
IGHV3-30,IGHJ4,AKGRSYSDY,2,C3_e1_a1_f1_c1|C9_e1_a1_f1_c1
IGHV3-7,IGHJ4,ARNEV,3,C3_e1_a1_f1_c1|C4_e1_a1_f1_c1|C8_e1_a1_f1_c1
IGHV3-23,IGHJ4,AKDTGY,2,C3_e1_a1_f1_c1|C7_e1_a1_f1_c1
IGHV3-23,IGHJ4,AKDRGYSYGYYFDY,2,C3_e1_a1_f1_c1|C9_e1_a1_f1_c1
IGHV4-59,IGHJ3,AREDYGGNSDAFDI,2,C3_e1_a1_f1_c1|C4_e1_a1_f1_c1
IGHV3-23,IGHJ4,AKDLGDY,2,C3_e1_a1_f1_c1|C8_e1_a1_f1_c1
IGHV3-23,IGHJ4,AKESSGWYYFDY,2,C3_e1_a1_f1_c1|C5_e1_a1_f1_c1
IGHV3-9,IGHJ4,AKDGGY,2,C3_e1_a1_f1_c1|C6_e1_a1_f1_c1
IGHV3-21,IGHJ4,ARDPGDY,2,C3_e1_a1_f1_c1|C5_e1_a1_f1_c1
IGHV3-30,IGHJ4,AKGSSSFDY,2,C3_e1_a1_f1_c1|C7_e1_a1_f1_c1
IGHV3-33,IGHJ4,ARDLDY,2,C10_e1_a1_f1_c1|C3_e1_a1_f1_c1
IGHV4-34,IGHJ3,ARVPRDAFDI,2,C3_e1_a1_f1_c1|C4_e1_a1_f1_c1
IGHV5-51,IGHJ4,ARRGSGFDY,2,C3_e1_a1_f1_c1|C7_e1_a1_f1_c1
IGHV3-7,IGHJ4,ARDRAYNRFDY,2,C3_e1_a1_f1_c1|C8_e1_a1_f1_c1
IGHV4-59,IGHJ4,ARATDFDY,2,C3_e1_a1_f1_c1|C6_e1_a1_f1_c1
IGHV3-48,IGHJ6,ARAYYYYGMDV,2,C3_e1_a1_f1_c1|C8_e1_a1_f1_c1
IGHV3-21,IGHJ4,ARDSAAGNY,2,C3_e1_a1_f1_c1|C5_e1_a1_f1_c1
IGHV3-49,IGHJ4,TRGGYYFDY,2,C11_e1_a1_f1_c1|C3_e1_a1_f1_c1
IGHV3-23,IGHJ4,AKGRGYSYGYCDY,2,C3_e1_a1_f1_c1|C7_e1_a1_f1_c1
IGHV4-59,IGHJ6,ARLGDYYYYGMDV,2,C3_e1_a1_f1_c1|C7_e1_a1_f1_c1
IGHV1-18,IGHJ4,ARDRGY,2,C3_e1_a1_f1_c1|C8_e1_a1_f1_c1
IGHV3-33,IGHJ6,AKDSYGMDV,2,C3_e1_a1_f1_c1|C5_e1_a1_f1_c1
IGHV4-30-4,IGHJ3,ARDGGNDAFDI,2,C3_e1_a1_f1_c1|C6_e1_a1_f1_c1
IGHV3-23,IGHJ4,AKEVDY,2,C3_e1_a1_f1_c1|C4_e1_a1_f1_c1
IGHV3-15,IGHJ4,TTLGYSYGSDY,2,C3_e1_a1_f1_c1|C8_e1_a1_f1_c1
IGHV4-39,IGHJ4,ARQFDY,2,C10_e1_a1_f1_c1|C3_e1_a1_f1_c1
IGHV3-53,IGHJ3,ARGVGGAFDI,2,C3_e1_a1_f1_c1|C8_e1_a1_f1_c1
IGHV4-34,IGHJ4,ARGSGFDY,2,C11_e1_a1_f1_c1|C3_e1_a1_f1_c1
IGHV3-48,IGHJ4,TRGGSFDY,2,C3_e1_a1_f1_c1|C6_e1_a1_f1_c1
IGHV4-39,IGHJ3,ARLVDAFDI,2,C11_e1_a1_f1_c1|C3_e1_a1_f1_c1
IGHV3-23,IGHJ4,ANSDY,2,C3_e1_a1_f1_c1|C8_e1_a1_f1_c1
IGHV1-8,IGHJ6,ARVGCSGGSCYFYYYYGMDV,2,C3_e1_a1_f1_c1|C5_e1_a1_f1_c1
IGHV4-39,IGHJ4,ARQGYSYGYYFDY,2,C11_e1_a1_f1_c1|C3_e1_a1_f1_c1
IGHV3-7,IGHJ4,VGAGY,2,C3_e1_a1_f1_c1|C9_e1_a1_f1_c1
IGHV3-7,IGHJ4,ARAGGSYRLDY,2,C10_e1_a1_f1_c1|C3_e1_a1_f1_c1
IGHV1-2,IGHJ6,ARDLGGYGMDV,2,C3_e1_a1_f1_c1|C4_e1_a1_f1_c1
IGHV3-7,IGHJ4,ARNKRGDY,2,C3_e1_a1_f1_c1|C9_e1_a1_f1_c1
IGHV3-23,IGHJ4,ANPYSSSWYPFDY,2,C3_e1_a1_f1_c1|C5_e1_a1_f1_c1
IGHV3-21,IGHJ5,ARGGDWFDP,2,C3_e1_a1_f1_c1|C8_e1_a1_f1_c1
IGHV3-7,IGHJ4,ARDQD,2,C3_e1_a1_f1_c1|C5_e1_a1_f1_c1
IGHV4-59,IGHJ6,AREGGGYYYYGMDV,2,C3_e1_a1_f1_c1|C4_e1_a1_f1_c1
IGHV3-74,IGHJ3,VRGPFDI,2,C3_e1_a1_f1_c1|C9_e1_a1_f1_c1
IGHV4-59,IGHJ5,ARGANWFDP,2,C11_e1_a1_f1_c1|C4_e1_a1_f1_c1
IGHV3-30,IGHJ4,ARDYYDSSGYYYGDY,2,C4_e1_a1_f1_c1|C8_e1_a1_f1_c1
IGHV3-33,IGHJ4,VRGWVSGSPPFDY,2,C4_e1_a1_f1_c1|C8_e1_a1_f1_c1
IGHV4-59,IGHJ4,ARHYGSGTYPLDY,2,C10_e1_a1_f1_c1|C4_e1_a1_f1_c1
IGHV3-74,IGHJ4,ATSRSFDY,2,C11_e1_a1_f1_c1|C4_e1_a1_f1_c1
IGHV4-31,IGHJ6,ARDYYGMDV,2,C11_e1_a1_f1_c1|C4_e1_a1_f1_c1
IGHV3-7,IGHJ6,ARGHFGMDV,3,C4_e1_a1_f1_c1|C5_e1_a1_f1_c1|C6_e1_a1_f1_c1
IGHV4-34,IGHJ6,ARGRGYYYGMDV,2,C4_e1_a1_f1_c1|C8_e1_a1_f1_c1
IGHV4-59,IGHJ4,AREGGYYFDY,2,C4_e1_a1_f1_c1|C7_e1_a1_f1_c1
IGHV3-74,IGHJ4,ARGLGDY,3,C4_e1_a1_f1_c1|C6_e1_a1_f1_c1|C8_e1_a1_f1_c1
IGHV4-61,IGHJ6,ARDNYYGMDV,2,C4_e1_a1_f1_c1|C9_e1_a1_f1_c1
IGHV3-74,IGHJ4,ARGMGDY,2,C4_e1_a1_f1_c1|C9_e1_a1_f1_c1
IGHV4-34,IGHJ3,ARGVAFDI,2,C11_e1_a1_f1_c1|C4_e1_a1_f1_c1
IGHV4-34,IGHJ4,ARGRVYSSSYDY,2,C10_e1_a1_f1_c1|C4_e1_a1_f1_c1
IGHV3-7,IGHJ4,SVSLNY,2,C4_e1_a1_f1_c1|C8_e1_a1_f1_c1
IGHV4-34,IGHJ4,ARGWGSSWYGY,2,C10_e1_a1_f1_c1|C4_e1_a1_f1_c1
IGHV4-59,IGHJ5,ARGGSGRFDP,2,C4_e1_a1_f1_c1|C8_e1_a1_f1_c1
IGHV5-51,IGHJ4,ARLGYCSSTSCYAFDY,2,C4_e1_a1_f1_c1|C9_e1_a1_f1_c1
IGHV3-21,IGHJ4,ARVGNYDSSGYHPPADY,2,C10_e1_a1_f1_c1|C4_e1_a1_f1_c1
IGHV4-39,IGHJ5,ARLEGWFDP,2,C4_e1_a1_f1_c1|C8_e1_a1_f1_c1
IGHV3-23,IGHJ4,AKGGWY,2,C4_e1_a1_f1_c1|C8_e1_a1_f1_c1
IGHV4-34,IGHJ5,ARGRGSSWYGNWFDP,2,C4_e1_a1_f1_c1|C8_e1_a1_f1_c1
IGHV5-51,IGHJ4,ARRYYGGNSFDY,2,C4_e1_a1_f1_c1|C5_e1_a1_f1_c1
IGHV4-34,IGHJ4,ARGPNFDY,2,C10_e1_a1_f1_c1|C4_e1_a1_f1_c1
IGHV1-18,IGHJ4,ARDGYFDY,2,C11_e1_a1_f1_c1|C4_e1_a1_f1_c1
IGHV3-53,IGHJ4,ARERGSGSYYFDY,2,C11_e1_a1_f1_c1|C4_e1_a1_f1_c1
IGHV1-18,IGHJ4,ARDPRYYGSGSYFDY,2,C11_e1_a1_f1_c1|C4_e1_a1_f1_c1
IGHV4-59,IGHJ5,ARGRDWFDP,2,C11_e1_a1_f1_c1|C4_e1_a1_f1_c1
IGHV3-53,IGHJ3,ARDRAFDI,2,C4_e1_a1_f1_c1|C8_e1_a1_f1_c1
IGHV1-69,IGHJ6,ARDLGYYGMDV,2,C11_e1_a1_f1_c1|C4_e1_a1_f1_c1
IGHV4-34,IGHJ4,ARGLFDY,2,C4_e1_a1_f1_c1|C5_e1_a1_f1_c1
IGHV3-48,IGHJ4,ARVPTV,2,C4_e1_a1_f1_c1|C5_e1_a1_f1_c1
IGHV3-15,IGHJ4,TTRTH,2,C4_e1_a1_f1_c1|C8_e1_a1_f1_c1
IGHV3-7,IGHJ6,VRAMDV,3,C11_e1_a1_f1_c1|C4_e1_a1_f1_c1|C8_e1_a1_f1_c1
IGHV6-1,IGHJ4,ARGSPFDY,2,C4_e1_a1_f1_c1|C9_e1_a1_f1_c1
IGHV4-34,IGHJ4,ARGRGYSYGRYFDY,2,C4_e1_a1_f1_c1|C9_e1_a1_f1_c1
IGHV3-49,IGHJ3,TRVDAFDI,2,C11_e1_a1_f1_c1|C4_e1_a1_f1_c1
IGHV3-23,IGHJ4,AKGLGYFDY,2,C4_e1_a1_f1_c1|C8_e1_a1_f1_c1
IGHV4-34,IGHJ4,ARGRYSSDY,2,C4_e1_a1_f1_c1|C5_e1_a1_f1_c1
IGHV4-59,IGHJ4,ARGGWELLDY,2,C4_e1_a1_f1_c1|C7_e1_a1_f1_c1
IGHV3-23,IGHJ4,AKEIRPNDY,2,C4_e1_a1_f1_c1|C5_e1_a1_f1_c1
IGHV4-61,IGHJ5,ARGIAAAGTQWFDP,2,C10_e1_a1_f1_c1|C4_e1_a1_f1_c1
IGHV1-69,IGHJ5,ARGANWFDP,2,C4_e1_a1_f1_c1|C6_e1_a1_f1_c1
IGHV4-34,IGHJ4,ARGPVAGDY,2,C4_e1_a1_f1_c1|C8_e1_a1_f1_c1
IGHV4-59,IGHJ5,ARGGTWFDP,2,C4_e1_a1_f1_c1|C8_e1_a1_f1_c1
IGHV4-34,IGHJ6,ARGNDYGSGTFYKSYAMDV,2,C4_e1_a1_f1_c1|C6_e1_a1_f1_c1
IGHV3-7,IGHJ4,ASGGHLDY,2,C4_e1_a1_f1_c1|C6_e1_a1_f1_c1
IGHV3-23,IGHJ4,AKGGWLEY,4,C4_e1_a1_f1_c1|C5_e1_a1_f1_c1|C7_e1_a1_f1_c1|C9_e1_a1_f1_c1
IGHV3-11,IGHJ4,ARRRDYVDY,2,C4_e1_a1_f1_c1|C5_e1_a1_f1_c1
IGHV3-23,IGHJ4,AKGGGSYCFDY,2,C4_e1_a1_f1_c1|C9_e1_a1_f1_c1
IGHV4-34,IGHJ6,ARGGGYYGMDV,2,C11_e1_a1_f1_c1|C4_e1_a1_f1_c1
IGHV4-34,IGHJ6,ARAYGSGSYYYYYGMDV,2,C4_e1_a1_f1_c1|C8_e1_a1_f1_c1
IGHV3-48,IGHJ4,ARDYDWAFDY,2,C4_e1_a1_f1_c1|C8_e1_a1_f1_c1
IGHV3-48,IGHJ4,VRGVQWGFDY,2,C4_e1_a1_f1_c1|C8_e1_a1_f1_c1
IGHV3-23,IGHJ4,AKGSGGLDY,2,C4_e1_a1_f1_c1|C6_e1_a1_f1_c1
IGHV4-34,IGHJ4,ARLGYCSSTSCYDY,3,C4_e1_a1_f1_c1|C7_e1_a1_f1_c1|C8_e1_a1_f1_c1
IGHV1-24,IGHJ5,ATGDWFDP,2,C4_e1_a1_f1_c1|C5_e1_a1_f1_c1
IGHV3-53,IGHJ4,ARGRGY,2,C4_e1_a1_f1_c1|C9_e1_a1_f1_c1
IGHV3-23,IGHJ4,AKPDY,2,C4_e1_a1_f1_c1|C7_e1_a1_f1_c1
IGHV4-34,IGHJ6,ARGLNYYYYGMDV,2,C4_e1_a1_f1_c1|C7_e1_a1_f1_c1
IGHV3-7,IGHJ4,ADPPSGF,2,C4_e1_a1_f1_c1|C8_e1_a1_f1_c1
IGHV3-53,IGHJ4,ARGDY,3,C11_e1_a1_f1_c1|C4_e1_a1_f1_c1|C8_e1_a1_f1_c1
IGHV1-69,IGHJ4,ARVTGYGDYYFDY,2,C4_e1_a1_f1_c1|C6_e1_a1_f1_c1
IGHV4-34,IGHJ4,ARGRKYSSSWYGY,2,C4_e1_a1_f1_c1|C8_e1_a1_f1_c1
IGHV6-1,IGHJ4,ARSGAYYFDY,2,C11_e1_a1_f1_c1|C4_e1_a1_f1_c1
IGHV3-7,IGHJ4,AKGGHLDS,2,C4_e1_a1_f1_c1|C6_e1_a1_f1_c1
IGHV3-33,IGHJ4,ARDRGWGGYYFDY,2,C4_e1_a1_f1_c1|C8_e1_a1_f1_c1
IGHV3-23,IGHJ4,AKGQRYFDY,2,C4_e1_a1_f1_c1|C7_e1_a1_f1_c1
IGHV5-51,IGHJ4,ARHPDY,2,C4_e1_a1_f1_c1|C8_e1_a1_f1_c1
IGHV3-48,IGHJ4,VRDHNWGFDY,2,C4_e1_a1_f1_c1|C8_e1_a1_f1_c1
IGHV1-18,IGHJ4,ARGRFFDY,2,C4_e1_a1_f1_c1|C9_e1_a1_f1_c1
IGHV7-4-1,IGHJ4,ANSYFDY,2,C4_e1_a1_f1_c1|C7_e1_a1_f1_c1
IGHV4-39,IGHJ3,ARQGGGGRAFDI,2,C4_e1_a1_f1_c1|C8_e1_a1_f1_c1
IGHV3-23,IGHJ4,ANQYFDY,2,C4_e1_a1_f1_c1|C7_e1_a1_f1_c1
IGHV4-34,IGHJ4,ARVDDY,2,C4_e1_a1_f1_c1|C6_e1_a1_f1_c1
IGHV3-73,IGHJ5,SPSGSYFRWFDP,2,C4_e1_a1_f1_c1|C9_e1_a1_f1_c1
IGHV3-48,IGHJ4,ARDFNWAFDY,2,C4_e1_a1_f1_c1|C5_e1_a1_f1_c1
IGHV3-21,IGHJ4,ARDIGY,2,C4_e1_a1_f1_c1|C7_e1_a1_f1_c1
IGHV3-7,IGHJ5,AREEA,2,C4_e1_a1_f1_c1|C9_e1_a1_f1_c1
IGHV3-23,IGHJ4,AKSDY,2,C4_e1_a1_f1_c1|C7_e1_a1_f1_c1
IGHV1-18,IGHJ4,ARGRGFDY,2,C4_e1_a1_f1_c1|C8_e1_a1_f1_c1
IGHV3-7,IGHJ4,ATSRTFDY,2,C4_e1_a1_f1_c1|C7_e1_a1_f1_c1
IGHV4-39,IGHJ5,ARQGYFDWLLGWFDP,2,C11_e1_a1_f1_c1|C4_e1_a1_f1_c1
IGHV1-69,IGHJ4,ARAYYYDSSGYYYFDY,2,C4_e1_a1_f1_c1|C8_e1_a1_f1_c1
IGHV3-30,IGHJ6,ARDRCSSTSCYYYYGMDV,2,C4_e1_a1_f1_c1|C5_e1_a1_f1_c1
IGHV1-18,IGHJ5,ARGSGWFDP,2,C4_e1_a1_f1_c1|C8_e1_a1_f1_c1
IGHV3-11,IGHJ4,ARVGSIAAAGTTDY,2,C4_e1_a1_f1_c1|C9_e1_a1_f1_c1
IGHV4-59,IGHJ5,ARGGNWFDP,2,C10_e1_a1_f1_c1|C4_e1_a1_f1_c1
IGHV1-69,IGHJ4,ARDPGGYFDY,2,C4_e1_a1_f1_c1|C8_e1_a1_f1_c1
IGHV1-3,IGHJ5,ARGYSSSWYNWFDP,2,C4_e1_a1_f1_c1|C8_e1_a1_f1_c1
IGHV3-11,IGHJ6,ARGHYGMDV,2,C4_e1_a1_f1_c1|C9_e1_a1_f1_c1
IGHV3-23,IGHJ6,ARGGGMDV,3,C4_e1_a1_f1_c1|C7_e1_a1_f1_c1|C8_e1_a1_f1_c1
IGHV4-59,IGHJ4,ARDRYFDY,2,C11_e1_a1_f1_c1|C4_e1_a1_f1_c1
IGHV1-18,IGHJ4,ARGGYYGSGSFPDY,2,C4_e1_a1_f1_c1|C9_e1_a1_f1_c1
IGHV6-1,IGHJ4,ARGWLQSGFDY,2,C4_e1_a1_f1_c1|C8_e1_a1_f1_c1
IGHV3-15,IGHJ6,TTDSYYYYYGMDV,2,C4_e1_a1_f1_c1|C6_e1_a1_f1_c1
IGHV3-21,IGHJ4,ARADY,2,C4_e1_a1_f1_c1|C5_e1_a1_f1_c1
IGHV7-4-1,IGHJ4,ARNRWLPDY,2,C4_e1_a1_f1_c1|C9_e1_a1_f1_c1
IGHV5-51,IGHJ3,ARRGGGDAFDI,2,C4_e1_a1_f1_c1|C8_e1_a1_f1_c1
IGHV3-23,IGHJ6,AKDRGGMDV,2,C11_e1_a1_f1_c1|C4_e1_a1_f1_c1
IGHV1-69,IGHJ4,ARDRDY,2,C4_e1_a1_f1_c1|C7_e1_a1_f1_c1
IGHV1-69,IGHJ4,ARDTYYYDSSGYYYFDY,2,C4_e1_a1_f1_c1|C9_e1_a1_f1_c1
IGHV4-59,IGHJ4,ARSGGYVLYFDY,2,C4_e1_a1_f1_c1|C9_e1_a1_f1_c1
IGHV5-51,IGHJ4,ARQGPMVTLDY,2,C4_e1_a1_f1_c1|C9_e1_a1_f1_c1
IGHV4-59,IGHJ4,ARGTYSGSYYFDY,2,C4_e1_a1_f1_c1|C8_e1_a1_f1_c1
IGHV4-34,IGHJ4,ARGSIAAAADY,2,C4_e1_a1_f1_c1|C5_e1_a1_f1_c1
IGHV3-21,IGHJ4,ARDFGDY,2,C4_e1_a1_f1_c1|C8_e1_a1_f1_c1
IGHV1-69,IGHJ5,ARDWFDP,2,C4_e1_a1_f1_c1|C8_e1_a1_f1_c1
IGHV3-15,IGHJ4,ATEFYSNGYNF,2,C11_e1_a1_f1_c1|C4_e1_a1_f1_c1
IGHV4-59,IGHJ6,ARGHHGLEV,2,C4_e1_a1_f1_c1|C9_e1_a1_f1_c1
IGHV3-30,IGHJ6,ARGMDV,2,C4_e1_a1_f1_c1|C8_e1_a1_f1_c1
IGHV2-5,IGHJ4,AHRRGAPGFFDY,2,C4_e1_a1_f1_c1|C9_e1_a1_f1_c1
IGHV4-59,IGHJ5,ARGGGWFDP,3,C10_e1_a1_f1_c1|C4_e1_a1_f1_c1|C7_e1_a1_f1_c1
IGHV4-34,IGHJ3,ARGRGSSWSRGAFDI,2,C4_e1_a1_f1_c1|C6_e1_a1_f1_c1
IGHV3-21,IGHJ4,ARDGGFDY,2,C4_e1_a1_f1_c1|C8_e1_a1_f1_c1
IGHV4-34,IGHJ5,ARLYCSSTSCYLNWFDP,2,C4_e1_a1_f1_c1|C5_e1_a1_f1_c1
IGHV3-23,IGHJ4,AKARSSWYYFDY,2,C4_e1_a1_f1_c1|C8_e1_a1_f1_c1
IGHV3-7,IGHJ4,ATSRSLDY,2,C4_e1_a1_f1_c1|C9_e1_a1_f1_c1
IGHV5-51,IGHJ4,ARNFDY,2,C4_e1_a1_f1_c1|C5_e1_a1_f1_c1
IGHV4-34,IGHJ6,ARGRGVYYYYGMDV,2,C4_e1_a1_f1_c1|C7_e1_a1_f1_c1
IGHV3-74,IGHJ6,AREGNYYYYGMDV,2,C4_e1_a1_f1_c1|C6_e1_a1_f1_c1
IGHV5-51,IGHJ6,ARRGYYYGMDV,2,C4_e1_a1_f1_c1|C7_e1_a1_f1_c1
IGHV1-3,IGHJ5,ARGSGSYLGWFDP,2,C4_e1_a1_f1_c1|C7_e1_a1_f1_c1
IGHV3-21,IGHJ4,ARGRDY,2,C4_e1_a1_f1_c1|C5_e1_a1_f1_c1
IGHV1-69,IGHJ6,ARGNYYYGMDV,2,C4_e1_a1_f1_c1|C5_e1_a1_f1_c1
IGHV3-21,IGHJ4,ARDGGYYGSGSYYDY,2,C4_e1_a1_f1_c1|C7_e1_a1_f1_c1
IGHV4-34,IGHJ5,ARGVGWFDP,3,C11_e1_a1_f1_c1|C4_e1_a1_f1_c1|C7_e1_a1_f1_c1
IGHV3-15,IGHJ4,TTDDDYGDY,2,C4_e1_a1_f1_c1|C6_e1_a1_f1_c1
IGHV3-7,IGHJ6,ARARGMDV,2,C11_e1_a1_f1_c1|C4_e1_a1_f1_c1
IGHV3-53,IGHJ6,ARGGMDV,2,C4_e1_a1_f1_c1|C6_e1_a1_f1_c1
IGHV4-39,IGHJ3,ARHRGAFDI,2,C4_e1_a1_f1_c1|C7_e1_a1_f1_c1
IGHV5-51,IGHJ6,ARRYYYYGMDV,2,C4_e1_a1_f1_c1|C8_e1_a1_f1_c1
IGHV3-11,IGHJ4,ARASTTGDYHFDY,2,C4_e1_a1_f1_c1|C7_e1_a1_f1_c1
IGHV3-48,IGHJ4,ARDGDY,2,C4_e1_a1_f1_c1|C9_e1_a1_f1_c1
IGHV3-21,IGHJ6,ARGGMDV,2,C4_e1_a1_f1_c1|C8_e1_a1_f1_c1
IGHV3-11,IGHJ6,ARGNYGMDV,2,C4_e1_a1_f1_c1|C6_e1_a1_f1_c1
IGHV3-7,IGHJ6,ARGHYQLEV,2,C11_e1_a1_f1_c1|C4_e1_a1_f1_c1
IGHV5-51,IGHJ4,ARHYDILTGFDY,2,C10_e1_a1_f1_c1|C4_e1_a1_f1_c1
IGHV1-18,IGHJ5,ARGEDWFDP,2,C4_e1_a1_f1_c1|C6_e1_a1_f1_c1
IGHV4-34,IGHJ6,ARGRYGMDV,2,C4_e1_a1_f1_c1|C5_e1_a1_f1_c1
IGHV3-23,IGHJ4,AKDGAI,3,C5_e1_a1_f1_c1|C6_e1_a1_f1_c1|C9_e1_a1_f1_c1
IGHV3-7,IGHJ2,ARGQEWLVSRYLDL,2,C10_e1_a1_f1_c1|C5_e1_a1_f1_c1
IGHV3-7,IGHJ4,AYRFSY,2,C11_e1_a1_f1_c1|C5_e1_a1_f1_c1
IGHV4-39,IGHJ3,ARDRGSRDAFDI,2,C5_e1_a1_f1_c1|C7_e1_a1_f1_c1
IGHV3-48,IGHJ4,VRDWGY,2,C11_e1_a1_f1_c1|C5_e1_a1_f1_c1
IGHV3-15,IGHJ4,TSRVTTTNDY,2,C5_e1_a1_f1_c1|C8_e1_a1_f1_c1
IGHV3-33,IGHJ6,ARDVGYYYYGMDV,2,C11_e1_a1_f1_c1|C5_e1_a1_f1_c1
IGHV3-23,IGHJ4,AKGPRGPDY,2,C5_e1_a1_f1_c1|C6_e1_a1_f1_c1
IGHV3-15,IGHJ4,ITDPGDYEDY,2,C5_e1_a1_f1_c1|C8_e1_a1_f1_c1
IGHV3-23,IGHJ4,AKSLLGGLDY,2,C5_e1_a1_f1_c1|C8_e1_a1_f1_c1
IGHV1-69,IGHJ6,ASRYCSSTSCYYYYYGMDV,2,C10_e1_a1_f1_c1|C5_e1_a1_f1_c1
IGHV3-9,IGHJ4,AKDISSGWYYFDY,2,C5_e1_a1_f1_c1|C7_e1_a1_f1_c1
IGHV4-34,IGHJ5,ARGRLGWFDP,2,C5_e1_a1_f1_c1|C8_e1_a1_f1_c1
IGHV4-34,IGHJ4,ARARGYSYGFDY,2,C10_e1_a1_f1_c1|C5_e1_a1_f1_c1
IGHV3-7,IGHJ4,ARDIEAFDY,2,C5_e1_a1_f1_c1|C9_e1_a1_f1_c1
IGHV3-7,IGHJ4,ARGRYFDY,2,C5_e1_a1_f1_c1|C8_e1_a1_f1_c1
IGHV3-15,IGHJ4,TTDVDY,2,C5_e1_a1_f1_c1|C8_e1_a1_f1_c1
IGHV3-11,IGHJ5,ARAAGWFDP,3,C5_e1_a1_f1_c1|C7_e1_a1_f1_c1|C9_e1_a1_f1_c1
IGHV3-23,IGHJ5,AKRIWFDP,2,C5_e1_a1_f1_c1|C9_e1_a1_f1_c1
IGHV3-48,IGHJ4,ARDFCSTTSCRFDY,2,C5_e1_a1_f1_c1|C8_e1_a1_f1_c1
IGHV3-74,IGHJ4,ARDQSVAGPTTFDY,2,C5_e1_a1_f1_c1|C7_e1_a1_f1_c1
IGHV3-48,IGHJ5,ARVPAP,2,C5_e1_a1_f1_c1|C8_e1_a1_f1_c1
IGHV3-15,IGHJ3,GTGSAFDV,2,C5_e1_a1_f1_c1|C9_e1_a1_f1_c1
IGHV4-39,IGHJ4,ARRASSAWYFDY,2,C10_e1_a1_f1_c1|C5_e1_a1_f1_c1
IGHV3-23,IGHJ4,ANPRLG,2,C5_e1_a1_f1_c1|C9_e1_a1_f1_c1
IGHV4-39,IGHJ4,ARPYSSGWYYFDY,2,C11_e1_a1_f1_c1|C5_e1_a1_f1_c1
IGHV3-74,IGHJ5,ARSDWLDP,2,C5_e1_a1_f1_c1|C9_e1_a1_f1_c1
IGHV3-23,IGHJ4,AKSGPYYFDY,2,C5_e1_a1_f1_c1|C6_e1_a1_f1_c1
IGHV3-7,IGHJ6,ARGHYGLDV,2,C5_e1_a1_f1_c1|C8_e1_a1_f1_c1
IGHV3-7,IGHJ6,ARRGGMDV,3,C10_e1_a1_f1_c1|C11_e1_a1_f1_c1|C5_e1_a1_f1_c1
IGHV4-59,IGHJ4,ARDLELGH,2,C5_e1_a1_f1_c1|C6_e1_a1_f1_c1
IGHV3-74,IGHJ5,ASSNWFDP,2,C11_e1_a1_f1_c1|C5_e1_a1_f1_c1
IGHV3-23,IGHJ6,AKGPYYYGMDV,2,C5_e1_a1_f1_c1|C8_e1_a1_f1_c1
IGHV3-23,IGHJ6,AKGGEYYYYGMDV,2,C5_e1_a1_f1_c1|C8_e1_a1_f1_c1
IGHV3-23,IGHJ4,ANLRYDY,2,C5_e1_a1_f1_c1|C8_e1_a1_f1_c1
IGHV3-7,IGHJ4,ARGGGNFDY,2,C5_e1_a1_f1_c1|C9_e1_a1_f1_c1
IGHV4-34,IGHJ4,ARRRYFDY,2,C5_e1_a1_f1_c1|C8_e1_a1_f1_c1
IGHV3-7,IGHJ4,ARDGSGWSVY,2,C11_e1_a1_f1_c1|C5_e1_a1_f1_c1
IGHV3-7,IGHJ5,AREEGWFDP,2,C5_e1_a1_f1_c1|C8_e1_a1_f1_c1
IGHV3-49,IGHJ4,TRGARPDY,2,C5_e1_a1_f1_c1|C7_e1_a1_f1_c1
IGHV3-48,IGHJ4,ARGGGYFDY,2,C11_e1_a1_f1_c1|C5_e1_a1_f1_c1
IGHV3-23,IGHJ4,SKDGAI,2,C5_e1_a1_f1_c1|C9_e1_a1_f1_c1
IGHV4-34,IGHJ6,ASIAARYYYYGMDV,2,C5_e1_a1_f1_c1|C7_e1_a1_f1_c1
IGHV3-48,IGHJ4,ARRFDY,2,C11_e1_a1_f1_c1|C5_e1_a1_f1_c1
IGHV3-30,IGHJ6,ARDSYGMDV,2,C5_e1_a1_f1_c1|C8_e1_a1_f1_c1
IGHV3-7,IGHJ6,ARGHYGMDV,4,C11_e1_a1_f1_c1|C5_e1_a1_f1_c1|C8_e1_a1_f1_c1|C9_e1_a1_f1_c1
IGHV3-15,IGHJ4,TTYSSGWY,2,C5_e1_a1_f1_c1|C8_e1_a1_f1_c1
IGHV4-59,IGHJ4,ARYSSSWYYFDY,2,C5_e1_a1_f1_c1|C6_e1_a1_f1_c1
IGHV3-7,IGHJ4,ARIGYSSSSFDF,2,C5_e1_a1_f1_c1|C8_e1_a1_f1_c1
IGHV4-4,IGHJ4,AREFDY,3,C5_e1_a1_f1_c1|C7_e1_a1_f1_c1|C9_e1_a1_f1_c1
IGHV3-23,IGHJ5,AKRQGWFDP,2,C11_e1_a1_f1_c1|C5_e1_a1_f1_c1
IGHV3-15,IGHJ4,TTGVDY,2,C11_e1_a1_f1_c1|C5_e1_a1_f1_c1
IGHV3-48,IGHJ3,ARGGDAFDI,2,C5_e1_a1_f1_c1|C8_e1_a1_f1_c1
IGHV4-59,IGHJ4,ARGSGWYYY,3,C5_e1_a1_f1_c1|C6_e1_a1_f1_c1|C8_e1_a1_f1_c1
IGHV3-15,IGHJ4,TTDPRY,2,C11_e1_a1_f1_c1|C5_e1_a1_f1_c1
IGHV3-30,IGHJ4,AREGGSSGSAGYFDY,2,C5_e1_a1_f1_c1|C9_e1_a1_f1_c1
IGHV3-30,IGHJ4,AKDPFDY,2,C5_e1_a1_f1_c1|C8_e1_a1_f1_c1
IGHV3-11,IGHJ3,AREGGAFDI,2,C5_e1_a1_f1_c1|C7_e1_a1_f1_c1
IGHV4-31,IGHJ4,ARDEY,2,C5_e1_a1_f1_c1|C6_e1_a1_f1_c1
IGHV3-7,IGHJ6,ARVYYYGMDV,2,C5_e1_a1_f1_c1|C7_e1_a1_f1_c1
IGHV3-72,IGHJ4,ARDVTGSYDY,2,C5_e1_a1_f1_c1|C8_e1_a1_f1_c1
IGHV4-34,IGHJ5,ARGGWFDP,2,C11_e1_a1_f1_c1|C5_e1_a1_f1_c1
IGHV3-23,IGHJ4,AKGGSNFDY,2,C10_e1_a1_f1_c1|C5_e1_a1_f1_c1
IGHV3-23,IGHJ6,AKGGYYYGMDV,2,C5_e1_a1_f1_c1|C6_e1_a1_f1_c1
IGHV3-23,IGHJ4,AKDRPDY,2,C5_e1_a1_f1_c1|C7_e1_a1_f1_c1
IGHV4-34,IGHJ4,ARGGGSYGY,2,C5_e1_a1_f1_c1|C7_e1_a1_f1_c1
IGHV6-1,IGHJ4,AREGSSTFDY,2,C11_e1_a1_f1_c1|C5_e1_a1_f1_c1
IGHV3-7,IGHJ4,ARDRCSSTSCFFDY,2,C5_e1_a1_f1_c1|C9_e1_a1_f1_c1
IGHV3-7,IGHJ6,ARGHYGMDI,2,C11_e1_a1_f1_c1|C5_e1_a1_f1_c1
IGHV3-7,IGHJ1,TREER,2,C11_e1_a1_f1_c1|C5_e1_a1_f1_c1
IGHV3-23,IGHJ4,AKGPSSGWYYFDY,2,C5_e1_a1_f1_c1|C9_e1_a1_f1_c1
IGHV3-33,IGHJ4,ARDGSGWCPDY,2,C5_e1_a1_f1_c1|C8_e1_a1_f1_c1
IGHV3-7,IGHJ5,AREQT,2,C10_e1_a1_f1_c1|C5_e1_a1_f1_c1
IGHV3-7,IGHJ4,ATDGG,2,C5_e1_a1_f1_c1|C8_e1_a1_f1_c1
IGHV4-34,IGHJ4,ARGGYSSSWYVY,2,C5_e1_a1_f1_c1|C6_e1_a1_f1_c1
IGHV5-51,IGHJ4,ARRGFDY,2,C5_e1_a1_f1_c1|C7_e1_a1_f1_c1
IGHV3-15,IGHJ4,MRSRDY,2,C11_e1_a1_f1_c1|C5_e1_a1_f1_c1
IGHV4-4,IGHJ3,ARGGEWAFDI,2,C5_e1_a1_f1_c1|C9_e1_a1_f1_c1
IGHV3-23,IGHJ4,AKGGGYHDY,2,C5_e1_a1_f1_c1|C9_e1_a1_f1_c1
IGHV4-59,IGHJ4,ARAGSGYSFDY,2,C5_e1_a1_f1_c1|C8_e1_a1_f1_c1
IGHV3-21,IGHJ5,ARGFDP,2,C5_e1_a1_f1_c1|C8_e1_a1_f1_c1
IGHV4-59,IGHJ4,ARDPYD,2,C11_e1_a1_f1_c1|C5_e1_a1_f1_c1
IGHV3-23,IGHJ4,AKDSRRFDY,2,C5_e1_a1_f1_c1|C9_e1_a1_f1_c1
IGHV4-39,IGHJ5,ARGRTRFDP,2,C5_e1_a1_f1_c1|C7_e1_a1_f1_c1
IGHV3-48,IGHJ4,ARGTGY,2,C10_e1_a1_f1_c1|C5_e1_a1_f1_c1
IGHV3-23,IGHJ3,AKHIVRGVDAFDI,2,C5_e1_a1_f1_c1|C9_e1_a1_f1_c1
IGHV3-21,IGHJ4,ARDLGYYDSSGYFDY,2,C5_e1_a1_f1_c1|C7_e1_a1_f1_c1
IGHV4-59,IGHJ4,ARSGYSYGYYFDY,2,C5_e1_a1_f1_c1|C9_e1_a1_f1_c1
IGHV3-48,IGHJ6,ARGYYYGMDV,2,C11_e1_a1_f1_c1|C5_e1_a1_f1_c1
IGHV3-7,IGHJ4,ARDFDY,2,C5_e1_a1_f1_c1|C9_e1_a1_f1_c1
IGHV3-9,IGHJ6,AKGRGRYYYYGMDV,2,C5_e1_a1_f1_c1|C7_e1_a1_f1_c1
IGHV3-7,IGHJ4,ARGHFGRDY,2,C5_e1_a1_f1_c1|C6_e1_a1_f1_c1
IGHV1-18,IGHJ4,ARGYDFWSGYFDY,2,C5_e1_a1_f1_c1|C7_e1_a1_f1_c1
IGHV3-21,IGHJ3,ARGGGAFDI,2,C10_e1_a1_f1_c1|C5_e1_a1_f1_c1
IGHV4-4,IGHJ5,ARDGNWFDP,2,C11_e1_a1_f1_c1|C5_e1_a1_f1_c1
IGHV4-59,IGHJ6,ARGGYYYYGMDV,2,C11_e1_a1_f1_c1|C5_e1_a1_f1_c1
IGHV4-34,IGHJ4,ARVPDY,2,C5_e1_a1_f1_c1|C9_e1_a1_f1_c1
IGHV4-34,IGHJ6,ARGRGSSPYYYYGMDV,2,C5_e1_a1_f1_c1|C8_e1_a1_f1_c1
IGHV3-7,IGHJ4,AREGR,2,C5_e1_a1_f1_c1|C8_e1_a1_f1_c1
IGHV3-30,IGHJ4,AKDRYSSGFDY,2,C5_e1_a1_f1_c1|C6_e1_a1_f1_c1
IGHV3-7,IGHJ4,ARDRYLDY,2,C5_e1_a1_f1_c1|C8_e1_a1_f1_c1
IGHV4-34,IGHJ5,ARGPRWFDP,2,C5_e1_a1_f1_c1|C7_e1_a1_f1_c1
IGHV1-2,IGHJ4,AREGSGYDY,2,C11_e1_a1_f1_c1|C5_e1_a1_f1_c1
IGHV4-59,IGHJ6,ARGDYYYYYGMDV,3,C10_e1_a1_f1_c1|C11_e1_a1_f1_c1|C5_e1_a1_f1_c1
IGHV4-34,IGHJ4,ARVVDY,2,C5_e1_a1_f1_c1|C8_e1_a1_f1_c1
IGHV3-23,IGHJ3,AKDRGRWAFDI,2,C5_e1_a1_f1_c1|C8_e1_a1_f1_c1
IGHV3-9,IGHJ4,AKDRYSSSWYYFDY,2,C5_e1_a1_f1_c1|C9_e1_a1_f1_c1
IGHV6-1,IGHJ6,VRGFLKTGMDV,2,C11_e1_a1_f1_c1|C5_e1_a1_f1_c1
IGHV4-34,IGHJ5,ARGSWFDP,2,C5_e1_a1_f1_c1|C7_e1_a1_f1_c1
IGHV3-23,IGHJ4,AKGGDYY,2,C10_e1_a1_f1_c1|C5_e1_a1_f1_c1
IGHV4-59,IGHJ4,ARVHSSSWYYFDY,2,C11_e1_a1_f1_c1|C5_e1_a1_f1_c1
IGHV3-74,IGHJ6,ARGRPYGMDV,2,C5_e1_a1_f1_c1|C8_e1_a1_f1_c1
IGHV3-7,IGHJ4,ASGGHVDY,2,C6_e1_a1_f1_c1|C7_e1_a1_f1_c1
IGHV3-23,IGHJ4,AKAAAFDY,2,C6_e1_a1_f1_c1|C7_e1_a1_f1_c1
IGHV3-21,IGHJ4,ARDVYSSSWYDY,2,C6_e1_a1_f1_c1|C7_e1_a1_f1_c1
IGHV3-30,IGHJ4,AKDGQGLTYYFDY,2,C6_e1_a1_f1_c1|C9_e1_a1_f1_c1
IGHV4-39,IGHJ4,ARRDSSGWYYFDY,2,C10_e1_a1_f1_c1|C6_e1_a1_f1_c1
IGHV1-8,IGHJ5,ARGDNWFDP,2,C11_e1_a1_f1_c1|C6_e1_a1_f1_c1
IGHV3-21,IGHJ4,AREGIAAAGTVDY,2,C6_e1_a1_f1_c1|C7_e1_a1_f1_c1
IGHV3-23,IGHJ4,AKDTGGFDY,2,C6_e1_a1_f1_c1|C9_e1_a1_f1_c1
IGHV3-7,IGHJ5,ARGGRWFDP,2,C6_e1_a1_f1_c1|C9_e1_a1_f1_c1
IGHV1-18,IGHJ4,ARDRYYDYVWGSYRFDY,2,C11_e1_a1_f1_c1|C6_e1_a1_f1_c1
IGHV3-9,IGHJ4,AKEGFDY,2,C11_e1_a1_f1_c1|C6_e1_a1_f1_c1
IGHV3-23,IGHJ6,ARGVYMDV,2,C6_e1_a1_f1_c1|C8_e1_a1_f1_c1
IGHV4-59,IGHJ3,ARVGGYPLGAFDI,2,C11_e1_a1_f1_c1|C6_e1_a1_f1_c1
IGHV3-9,IGHJ6,AKDSSYYYYGMDV,2,C6_e1_a1_f1_c1|C7_e1_a1_f1_c1
IGHV4-31,IGHJ4,ARLYGDYVLDY,2,C6_e1_a1_f1_c1|C9_e1_a1_f1_c1
IGHV1-18,IGHJ4,ARDYYDSSGYLDY,2,C6_e1_a1_f1_c1|C9_e1_a1_f1_c1
IGHV3-23,IGHJ4,AKDVYYGSGSYDY,2,C10_e1_a1_f1_c1|C6_e1_a1_f1_c1
IGHV3-23,IGHJ3,GRDPNGDYIGAFEM,2,C6_e1_a1_f1_c1|C7_e1_a1_f1_c1
IGHV3-48,IGHJ6,ARDSYGMDV,2,C11_e1_a1_f1_c1|C6_e1_a1_f1_c1
IGHV3-21,IGHJ4,ARDRYGDYAFDY,2,C11_e1_a1_f1_c1|C6_e1_a1_f1_c1
IGHV3-13,IGHJ5,ARGNWFDP,2,C11_e1_a1_f1_c1|C6_e1_a1_f1_c1
IGHV7-4-1,IGHJ4,ARDDY,2,C6_e1_a1_f1_c1|C7_e1_a1_f1_c1
IGHV3-23,IGHJ4,AKGRYYFDY,2,C11_e1_a1_f1_c1|C6_e1_a1_f1_c1
IGHV4-34,IGHJ4,ARGGYFDY,2,C6_e1_a1_f1_c1|C9_e1_a1_f1_c1
IGHV4-59,IGHJ4,AGGWGYFDY,2,C11_e1_a1_f1_c1|C6_e1_a1_f1_c1
IGHV4-34,IGHJ4,ARPWTH,2,C10_e1_a1_f1_c1|C6_e1_a1_f1_c1
IGHV3-15,IGHJ4,TTEYYYDNSGLFDY,2,C11_e1_a1_f1_c1|C6_e1_a1_f1_c1
IGHV4-59,IGHJ6,ARPSYYYYGMDV,2,C6_e1_a1_f1_c1|C8_e1_a1_f1_c1
IGHV1-69,IGHJ4,ARGEGYFDY,2,C10_e1_a1_f1_c1|C6_e1_a1_f1_c1
IGHV3-7,IGHJ4,ARGHYGRDY,2,C6_e1_a1_f1_c1|C8_e1_a1_f1_c1
IGHV3-33,IGHJ4,ARDLRKGRYFDY,4,C10_e1_a1_f1_c1|C11_e1_a1_f1_c1|C6_e1_a1_f1_c1|C8_e1_a1_f1_c1
IGHV3-7,IGHJ4,ARIGYSSSSFDY,6,C10_e1_a1_f1_c1|C11_e1_a1_f1_c1|C6_e1_a1_f1_c1|C7_e1_a1_f1_c1|C8_e1_a1_f1_c1|C9_e1_a1_f1_c1
IGHV3-30,IGHJ4,AKDRYYYDSSGYLDY,2,C6_e1_a1_f1_c1|C7_e1_a1_f1_c1
IGHV3-7,IGHJ4,ARSIDY,2,C6_e1_a1_f1_c1|C9_e1_a1_f1_c1
IGHV5-51,IGHJ4,ARRYSSSWYYFDY,2,C6_e1_a1_f1_c1|C7_e1_a1_f1_c1
IGHV3-7,IGHJ4,ARDGSGYSVY,2,C6_e1_a1_f1_c1|C8_e1_a1_f1_c1
IGHV3-48,IGHJ4,AREGGFDY,2,C6_e1_a1_f1_c1|C7_e1_a1_f1_c1
IGHV4-34,IGHJ4,ARGGWNDV,2,C6_e1_a1_f1_c1|C7_e1_a1_f1_c1
IGHV1-18,IGHJ6,ARDGGYGMDV,2,C6_e1_a1_f1_c1|C8_e1_a1_f1_c1
IGHV4-34,IGHJ4,ASSGWYRGY,2,C6_e1_a1_f1_c1|C8_e1_a1_f1_c1
IGHV3-7,IGHJ4,ARDTYRFFDY,2,C7_e1_a1_f1_c1|C9_e1_a1_f1_c1
IGHV4-34,IGHJ4,ARGRYCSGGSCYFDY,2,C11_e1_a1_f1_c1|C7_e1_a1_f1_c1
IGHV4-39,IGHJ4,ARLSSGSFDY,2,C10_e1_a1_f1_c1|C7_e1_a1_f1_c1
IGHV3-48,IGHJ4,ARGGAARPDY,2,C7_e1_a1_f1_c1|C8_e1_a1_f1_c1
IGHV4-34,IGHJ6,ARGRYCSSTSCYRYYYYYMDV,2,C7_e1_a1_f1_c1|C8_e1_a1_f1_c1
IGHV3-23,IGHJ5,ANSGSGWYNWFDP,2,C7_e1_a1_f1_c1|C8_e1_a1_f1_c1
IGHV4-31,IGHJ4,ARVDYYDSSGYYDY,2,C7_e1_a1_f1_c1|C8_e1_a1_f1_c1
IGHV4-39,IGHJ4,ARHSGPYSSSWFDY,2,C11_e1_a1_f1_c1|C7_e1_a1_f1_c1
IGHV1-3,IGHJ4,ARVGAAAGPYYFDY,3,C11_e1_a1_f1_c1|C7_e1_a1_f1_c1|C8_e1_a1_f1_c1
IGHV4-31,IGHJ6,ARGGYYYYYMDV,2,C7_e1_a1_f1_c1|C8_e1_a1_f1_c1
IGHV1-24,IGHJ4,ATDLSSGWSFDY,2,C7_e1_a1_f1_c1|C8_e1_a1_f1_c1
IGHV3-15,IGHJ4,TATLGY,2,C11_e1_a1_f1_c1|C7_e1_a1_f1_c1
IGHV3-53,IGHJ4,ARDLDY,2,C11_e1_a1_f1_c1|C7_e1_a1_f1_c1
IGHV4-59,IGHJ4,ARGGSNFDY,2,C11_e1_a1_f1_c1|C7_e1_a1_f1_c1
IGHV4-34,IGHJ4,ARGRSPDY,2,C10_e1_a1_f1_c1|C7_e1_a1_f1_c1
IGHV3-74,IGHJ6,ARGRYYGMDV,2,C7_e1_a1_f1_c1|C9_e1_a1_f1_c1
IGHV4-59,IGHJ4,ARERRSGSYYYFDY,2,C7_e1_a1_f1_c1|C8_e1_a1_f1_c1
IGHV3-74,IGHJ4,VRDRPTWD,2,C7_e1_a1_f1_c1|C8_e1_a1_f1_c1
IGHV3-30,IGHJ5,ARDRGNWFDP,2,C7_e1_a1_f1_c1|C9_e1_a1_f1_c1
IGHV3-23,IGHJ4,AKRYYFDY,2,C7_e1_a1_f1_c1|C8_e1_a1_f1_c1
IGHV3-21,IGHJ4,ARIAAAGTGDY,2,C11_e1_a1_f1_c1|C7_e1_a1_f1_c1
IGHV3-23,IGHJ4,AKDRTIFDY,2,C7_e1_a1_f1_c1|C8_e1_a1_f1_c1
IGHV3-30,IGHJ4,ARGWGNYFDY,2,C7_e1_a1_f1_c1|C8_e1_a1_f1_c1
IGHV4-59,IGHJ4,AREPDY,2,C7_e1_a1_f1_c1|C8_e1_a1_f1_c1
IGHV1-69,IGHJ4,ARDRCSGGSCYFDY,2,C7_e1_a1_f1_c1|C9_e1_a1_f1_c1
IGHV3-21,IGHJ4,ARARGYSGYDFDY,2,C11_e1_a1_f1_c1|C7_e1_a1_f1_c1
IGHV4-39,IGHJ4,ARLIAAAGDY,2,C11_e1_a1_f1_c1|C7_e1_a1_f1_c1
IGHV4-59,IGHJ3,ARDGAFDI,3,C7_e1_a1_f1_c1|C8_e1_a1_f1_c1|C9_e1_a1_f1_c1
IGHV3-23,IGHJ4,AKGGGPFDY,2,C10_e1_a1_f1_c1|C7_e1_a1_f1_c1
IGHV4-59,IGHJ4,ARGYCSGGSCYSRVFDY,2,C7_e1_a1_f1_c1|C9_e1_a1_f1_c1
IGHV3-30-3,IGHJ6,ARGYYMDV,2,C7_e1_a1_f1_c1|C8_e1_a1_f1_c1
IGHV3-33,IGHJ4,AKDQGYCSGGSCYSFDY,2,C11_e1_a1_f1_c1|C7_e1_a1_f1_c1
IGHV3-48,IGHJ4,ARDPLDY,2,C7_e1_a1_f1_c1|C8_e1_a1_f1_c1
IGHV3-53,IGHJ5,ARDLGWFDP,2,C7_e1_a1_f1_c1|C8_e1_a1_f1_c1
IGHV1-69,IGHJ6,ARGSGGMDV,2,C11_e1_a1_f1_c1|C7_e1_a1_f1_c1
IGHV3-74,IGHJ4,ARSVDY,3,C11_e1_a1_f1_c1|C7_e1_a1_f1_c1|C8_e1_a1_f1_c1
IGHV4-34,IGHJ6,ARGPMDV,2,C7_e1_a1_f1_c1|C9_e1_a1_f1_c1
IGHV4-59,IGHJ4,ARDSGYGDPFDY,2,C10_e1_a1_f1_c1|C7_e1_a1_f1_c1
IGHV3-21,IGHJ5,AGYNYFDP,2,C11_e1_a1_f1_c1|C7_e1_a1_f1_c1
IGHV4-39,IGHJ4,ARDLF,2,C7_e1_a1_f1_c1|C9_e1_a1_f1_c1
IGHV3-7,IGHJ3,AREGNRRAFDI,2,C7_e1_a1_f1_c1|C9_e1_a1_f1_c1
IGHV4-34,IGHJ4,ARGVSLGY,2,C10_e1_a1_f1_c1|C7_e1_a1_f1_c1
IGHV4-59,IGHJ6,ARGYYYYYMDV,2,C7_e1_a1_f1_c1|C8_e1_a1_f1_c1
IGHV3-30,IGHJ4,AKATWGY,2,C7_e1_a1_f1_c1|C8_e1_a1_f1_c1
IGHV4-34,IGHJ6,ARTPYYYGMDV,2,C7_e1_a1_f1_c1|C8_e1_a1_f1_c1
IGHV4-31,IGHJ4,ARGYCSSTSCYVDY,2,C7_e1_a1_f1_c1|C9_e1_a1_f1_c1
IGHV3-23,IGHJ4,AKDPPDY,2,C11_e1_a1_f1_c1|C7_e1_a1_f1_c1
IGHV1-8,IGHJ5,AREYCSGGSCYWFDP,2,C11_e1_a1_f1_c1|C7_e1_a1_f1_c1
IGHV4-34,IGHJ6,ARGYYYYGMDV,2,C11_e1_a1_f1_c1|C7_e1_a1_f1_c1
IGHV4-34,IGHJ5,ARGYQLLWGGWFDP,2,C7_e1_a1_f1_c1|C8_e1_a1_f1_c1
IGHV4-59,IGHJ4,ARGGWSLDY,2,C7_e1_a1_f1_c1|C9_e1_a1_f1_c1
IGHV3-30,IGHJ4,ARDGYDY,2,C7_e1_a1_f1_c1|C8_e1_a1_f1_c1
IGHV4-59,IGHJ4,ARGSSGYYYG,2,C7_e1_a1_f1_c1|C9_e1_a1_f1_c1
IGHV3-7,IGHJ4,ARGSGYFDY,2,C11_e1_a1_f1_c1|C7_e1_a1_f1_c1
IGHV3-7,IGHJ4,ARGRGIDY,2,C7_e1_a1_f1_c1|C8_e1_a1_f1_c1
IGHV4-34,IGHJ6,ARRYYYYYGMDV,2,C7_e1_a1_f1_c1|C8_e1_a1_f1_c1
IGHV1-69,IGHJ5,ARDGGNWFDP,2,C10_e1_a1_f1_c1|C7_e1_a1_f1_c1
IGHV3-30,IGHJ4,ARGYGDLDY,2,C7_e1_a1_f1_c1|C8_e1_a1_f1_c1
IGHV3-23,IGHJ4,AKRYSSSWYYFDY,2,C7_e1_a1_f1_c1|C8_e1_a1_f1_c1
IGHV3-7,IGHJ4,ARRRPFDY,2,C7_e1_a1_f1_c1|C8_e1_a1_f1_c1
IGHV3-74,IGHJ6,ARGMDV,2,C7_e1_a1_f1_c1|C9_e1_a1_f1_c1
IGHV5-51,IGHJ4,ARRTDISNWKHFDY,2,C7_e1_a1_f1_c1|C9_e1_a1_f1_c1
IGHV4-59,IGHJ4,ARADSSGWYYFDY,2,C7_e1_a1_f1_c1|C8_e1_a1_f1_c1
IGHV3-23,IGHJ4,AKRNYFDY,2,C11_e1_a1_f1_c1|C7_e1_a1_f1_c1
IGHV4-59,IGHJ4,ARGDGYNLFDY,2,C11_e1_a1_f1_c1|C7_e1_a1_f1_c1
IGHV4-59,IGHJ5,ARHLGRGFDP,2,C8_e1_a1_f1_c1|C9_e1_a1_f1_c1
IGHV3-7,IGHJ4,ARIGYSSSSLDY,3,C11_e1_a1_f1_c1|C8_e1_a1_f1_c1|C9_e1_a1_f1_c1
IGHV3-15,IGHJ6,TPWSGMDV,2,C11_e1_a1_f1_c1|C8_e1_a1_f1_c1
IGHV3-48,IGHJ4,ARDYYRSGSYSFDY,2,C11_e1_a1_f1_c1|C8_e1_a1_f1_c1
IGHV4-39,IGHJ4,ARRGWELAYFDY,2,C8_e1_a1_f1_c1|C9_e1_a1_f1_c1
IGHV6-1,IGHJ4,ARDSSSWYYFDY,2,C8_e1_a1_f1_c1|C9_e1_a1_f1_c1
IGHV3-23,IGHJ4,AKRGGDY,2,C8_e1_a1_f1_c1|C9_e1_a1_f1_c1
IGHV3-21,IGHJ4,ARDRGYFDY,2,C11_e1_a1_f1_c1|C8_e1_a1_f1_c1
IGHV4-59,IGHJ4,ARHTGKWGFDY,2,C11_e1_a1_f1_c1|C8_e1_a1_f1_c1
IGHV4-59,IGHJ4,ARDHTGTYLDY,2,C10_e1_a1_f1_c1|C8_e1_a1_f1_c1
IGHV5-51,IGHJ4,ARPPHY,2,C8_e1_a1_f1_c1|C9_e1_a1_f1_c1
IGHV3-23,IGHJ4,AKEIDSSFDY,2,C8_e1_a1_f1_c1|C9_e1_a1_f1_c1
IGHV4-31,IGHJ5,ARGEDWFDP,2,C11_e1_a1_f1_c1|C8_e1_a1_f1_c1
IGHV3-48,IGHJ4,ARDYGDYGFDY,2,C11_e1_a1_f1_c1|C8_e1_a1_f1_c1
IGHV4-39,IGHJ4,ARRGDSHAIFDY,2,C11_e1_a1_f1_c1|C8_e1_a1_f1_c1
IGHV4-59,IGHJ4,ARGGSYPDS,2,C11_e1_a1_f1_c1|C8_e1_a1_f1_c1
IGHV3-23,IGHJ4,AKDRSSSSCYDY,2,C10_e1_a1_f1_c1|C8_e1_a1_f1_c1
IGHV3-13,IGHJ3,VRGGIQVAGLDAFDI,2,C8_e1_a1_f1_c1|C9_e1_a1_f1_c1
IGHV3-48,IGHJ4,AREDILGTRAFDY,2,C10_e1_a1_f1_c1|C8_e1_a1_f1_c1
IGHV4-39,IGHJ4,ARRGDSYAVFDY,2,C11_e1_a1_f1_c1|C8_e1_a1_f1_c1
IGHV3-11,IGHJ2,AREQYYDILTGYLGGYFDL,2,C8_e1_a1_f1_c1|C9_e1_a1_f1_c1
IGHV4-59,IGHJ4,ARDSSGYYDY,2,C11_e1_a1_f1_c1|C8_e1_a1_f1_c1
IGHV4-34,IGHJ6,ARGRRYYYYGMDV,2,C10_e1_a1_f1_c1|C8_e1_a1_f1_c1
IGHV3-23,IGHJ4,ANRDY,2,C11_e1_a1_f1_c1|C8_e1_a1_f1_c1
IGHV3-23,IGHJ4,AKAKRGSSWIIEL,2,C8_e1_a1_f1_c1|C9_e1_a1_f1_c1
IGHV1-46,IGHJ4,ARDLYWSTSGWGLDY,2,C8_e1_a1_f1_c1|C9_e1_a1_f1_c1
IGHV1-46,IGHJ3,ARTYYYDSSGYYDAFDI,2,C10_e1_a1_f1_c1|C8_e1_a1_f1_c1
IGHV3-30,IGHJ4,ARGGGYCGGDCYGLDY,2,C8_e1_a1_f1_c1|C9_e1_a1_f1_c1
IGHV3-7,IGHJ4,ARSLDY,2,C11_e1_a1_f1_c1|C8_e1_a1_f1_c1
IGHV5-51,IGHJ4,ARQMSD,2,C8_e1_a1_f1_c1|C9_e1_a1_f1_c1
IGHV1-3,IGHJ4,ALGAFDY,2,C8_e1_a1_f1_c1|C9_e1_a1_f1_c1
IGHV3-23,IGHJ4,AKGYYFDY,2,C11_e1_a1_f1_c1|C8_e1_a1_f1_c1
IGHV5-10-1,IGHJ6,ARRGDYYYYYGMDV,2,C10_e1_a1_f1_c1|C8_e1_a1_f1_c1
IGHV3-11,IGHJ5,ARDSGWFDP,2,C11_e1_a1_f1_c1|C8_e1_a1_f1_c1
IGHV3-21,IGHJ4,ARDQGY,2,C10_e1_a1_f1_c1|C8_e1_a1_f1_c1
IGHV3-30,IGHJ5,ARGNWFDP,3,C11_e1_a1_f1_c1|C8_e1_a1_f1_c1|C9_e1_a1_f1_c1
IGHV4-59,IGHJ6,ARLGIYYYGMDV,2,C11_e1_a1_f1_c1|C8_e1_a1_f1_c1
IGHV3-23,IGHJ4,AKDYGDY,2,C11_e1_a1_f1_c1|C8_e1_a1_f1_c1
IGHV3-21,IGHJ4,ARDRGFDY,2,C8_e1_a1_f1_c1|C9_e1_a1_f1_c1
IGHV4-59,IGHJ4,ARRGYLDY,2,C8_e1_a1_f1_c1|C9_e1_a1_f1_c1
IGHV3-7,IGHJ6,ARGRGLDV,2,C8_e1_a1_f1_c1|C9_e1_a1_f1_c1
IGHV4-39,IGHJ4,ARRGDSYGIFDY,2,C11_e1_a1_f1_c1|C8_e1_a1_f1_c1
IGHV1-69,IGHJ4,ARDRDYFDY,2,C11_e1_a1_f1_c1|C8_e1_a1_f1_c1
IGHV4-34,IGHJ4,ARGIAVAD,2,C8_e1_a1_f1_c1|C9_e1_a1_f1_c1
IGHV1-46,IGHJ4,ARDGDY,2,C10_e1_a1_f1_c1|C8_e1_a1_f1_c1
IGHV4-59,IGHJ4,VGGYNFDY,2,C11_e1_a1_f1_c1|C8_e1_a1_f1_c1
IGHV3-15,IGHJ4,TTSRH,2,C8_e1_a1_f1_c1|C9_e1_a1_f1_c1
IGHV1-69,IGHJ4,ARDGY,2,C10_e1_a1_f1_c1|C8_e1_a1_f1_c1
IGHV3-48,IGHJ4,AREGAYYFDY,2,C8_e1_a1_f1_c1|C9_e1_a1_f1_c1
IGHV4-34,IGHJ4,ARGLGY,2,C11_e1_a1_f1_c1|C8_e1_a1_f1_c1
IGHV4-59,IGHJ4,ARGERLGPDY,2,C8_e1_a1_f1_c1|C9_e1_a1_f1_c1
IGHV3-23,IGHJ4,AKEGGY,2,C10_e1_a1_f1_c1|C8_e1_a1_f1_c1
IGHV4-39,IGHJ4,ARQGGGGRAFDY,2,C8_e1_a1_f1_c1|C9_e1_a1_f1_c1
IGHV1-18,IGHJ4,ARDRSSSDY,2,C10_e1_a1_f1_c1|C9_e1_a1_f1_c1
IGHV3-7,IGHJ4,SRSLDY,2,C11_e1_a1_f1_c1|C9_e1_a1_f1_c1
IGHV3-74,IGHJ4,GSVFEY,2,C10_e1_a1_f1_c1|C9_e1_a1_f1_c1
IGHV1-2,IGHJ4,ARDPPGGVTAIDY,2,C10_e1_a1_f1_c1|C9_e1_a1_f1_c1
IGHV3-74,IGHJ4,ARSLDY,2,C10_e1_a1_f1_c1|C9_e1_a1_f1_c1
IGHV4-59,IGHJ4,ARSYSSSWYYFDY,2,C11_e1_a1_f1_c1|C9_e1_a1_f1_c1
IGHV3-15,IGHJ4,TAGTGRTDFDY,2,C11_e1_a1_f1_c1|C9_e1_a1_f1_c1
IGHV3-74,IGHJ4,ARGYSSGYRIDY,2,C11_e1_a1_f1_c1|C9_e1_a1_f1_c1
IGHV4-34,IGHJ4,ARGPPEYYYDGSGYYYFDY,2,C11_e1_a1_f1_c1|C9_e1_a1_f1_c1
IGHV3-48,IGHJ4,ARDWALDS,2,C11_e1_a1_f1_c1|C9_e1_a1_f1_c1
IGHV1-3,IGHJ6,ARNGGGLDV,2,C11_e1_a1_f1_c1|C9_e1_a1_f1_c1
IGHV3-74,IGHJ4,ARHVGGFDY,2,C11_e1_a1_f1_c1|C9_e1_a1_f1_c1
IGHV4-34,IGHJ4,ARGGD,2,C11_e1_a1_f1_c1|C9_e1_a1_f1_c1
IGHV4-59,IGHJ4,ARDHGRYSYVD,2,C10_e1_a1_f1_c1|C9_e1_a1_f1_c1
IGHV4-4,IGHJ4,ARGPPPDFDY,2,C10_e1_a1_f1_c1|C9_e1_a1_f1_c1
IGHV4-59,IGHJ4,ARHGSYHTPFDY,2,C11_e1_a1_f1_c1|C9_e1_a1_f1_c1
IGHV3-74,IGHJ5,VRSDWFDP,2,C10_e1_a1_f1_c1|C9_e1_a1_f1_c1
IGHV3-23,IGHJ4,AKASSSWYYFDY,2,C10_e1_a1_f1_c1|C11_e1_a1_f1_c1
IGHV3-7,IGHJ2,ARGSWYFDL,2,C10_e1_a1_f1_c1|C11_e1_a1_f1_c1
IGHV4-59,IGHJ4,ARDAYYFDY,2,C10_e1_a1_f1_c1|C11_e1_a1_f1_c1
IGHV4-4,IGHJ5,ARARNWFDP,2,C10_e1_a1_f1_c1|C11_e1_a1_f1_c1
IGHV3-48,IGHJ4,ARDHLYSFDY,2,C10_e1_a1_f1_c1|C11_e1_a1_f1_c1
IGHV4-59,IGHJ4,ARLYSSGWYYFDY,2,C10_e1_a1_f1_c1|C11_e1_a1_f1_c1
IGHV4-31,IGHJ6,ARRGYYYYGMDV,2,C10_e1_a1_f1_c1|C11_e1_a1_f1_c1
IGHV5-51,IGHJ6,ARHGPYYYYGMDV,2,C10_e1_a1_f1_c1|C11_e1_a1_f1_c1
IGHV4-61,IGHJ4,AREDY,2,C10_e1_a1_f1_c1|C11_e1_a1_f1_c1
IGHV4-39,IGHJ4,ARRVWGYYFDY,2,C10_e1_a1_f1_c1|C11_e1_a1_f1_c1
IGHV4-61,IGHJ4,ARGARGYSYG,2,C10_e1_a1_f1_c1|C11_e1_a1_f1_c1
