S5,ARDRYCSGGSCFDWYFDL,1.942091995603104e-05,IGHM,22,CACTGTCTCTGGTGCCTCCATCAGTGGTTACTCTTGGAGCTGGATCCGTCAGCCCCCCGGGAAGGGACTGGAATGGATTGGGTTTGTCCATGACAGTGGGATCACCAACTATAACCCCTCCCTCAAGAGTCGAGTCACCATATCAGTCGACACGTCCGAGAACCAGTTCTCCCTGAGATTGAGTTCTGTGACCGCTGCGGACACGGCCATATATTACTGTGCGCGAGACCGATACTGTAGTGGTGGTAGCTGTTTCGACTGGTACTTCGATCTCTGGGGCCGTGGCACCCTGGTCACTGTCTCCTCA
S5,ARDRYCGGGSCFDWYFDL,3.884183991206208e-06,IGHM,20,CACTGTCTCTGGTGGCTCCATCAGTGGTTACTCTTGGAGCTGGATCCGTCAGCCCCCAGGGAAGGGACTGGAATGGATTGGGTATGTCCATGACAGTGGGAACACCAACTATAACCCCTCCCTCAAGAGTCGAGTCACCATATCAGTCGACACGTCCGAGAACCAGTTCTCCTTGAAATTGACTTCTGTGACCGCTGCGGACACGGCCATATATTACTGTGCGCGAGACCGATACTGTGGTGGTGGTAGCTGTTTCGACTGGTACTTCGATCTCTGGGGCCGTGGCACCCTGGTCACTGTCTCCTCA
S5,ARDRYCSVGSCFDWYFDL,3.884183991206208e-06,IGHM,14,CACTGTCTCTGGTGGCTCCATCAGTGGTTACTACTGGAGCTGGATCCGTCAGCCCCCAGGGAAGGGACTGGAATGGATTGGGTATATCCATTACAGTGGGAGCACCAACTACAACCCCTCCCTCAATAACCGAGTCACCATATCAGTCGACACGTCCGAGAACCAGTTCTCCCTGAGGCTGAATTCTGTGACCGCTGCGGACACGGCCGTTTATTACTGTGCGCGAGACCGATATTGTAGTGTTGGCAGCTGTTTCGACTGGTACTTCGATCTCTGGGGCCGTGGCACCCTGGTCACTGTCTCCTCA
S5,ARDRYCSGGTCFDWYFDL,2.5894559941374715e-06,IGHM,15,TACTGTCTCTGGTGGCTCCATCAGTGGTTACTCTTGGAGCTGGATCCGTCAGGTCCCAGGAAAGGGACTGGAATGGATTGGGTATATTCATGACAGTGGGAGCACCAACTACAACCCCTCCCTCAGGAGTCGAGTCACCATATCAGTCGACACGTCCGAGAACCAGTTCTCCCTGAAGCTGAGCTCTGTGACCGCTGCGGACACGGCCGTGTATTACTGTGCGCGAGACCGCTATTGTAGTGGTGGTACCTGTTTCGACTGGTACTTCGATCTCTGGGGCCGTGGCACCCTGGTCACTGTCTCCTCT
S5,ARDRYCSGGSCFDWYFDL,2.5894559941374715e-06,IGHA1,21,CACTGTCTCTGGTGGCTCCATCAGTGGTTACTATTGGAGTTGGATCCGTCAGCCCCCAGGGAAGGGACTGGAATGGATTGGATATATCCATGACAGTGGGAACACCAATTACAACCCCTCCCTCAAGAGTCGCGTCTCCATATCGGTCGACACGTCCGAGAGCCAGTTCTCCCTGAAGCTGTCCTCTGTGACCGCTGCGGACACGGCCATATATTACTGTGCGCGAGACCGATACTGTAGTGGGGGTAGCTGTTTCGACTGGTACTTCGATCTCTGGGGCCGTGGCACCCTGGTCACTGTCTCCTCA
S5,ARDRYCSGGSCFDWYFDL,1.2947279970687358e-06,IGHM,19,CACTGTCTCTGGTGGCTCCATCAGTGGTTACTATTGGAGTTGGATCCGTCAGCCCCCAGGGAAGGGACTGGAATGGATTGGATATATCCATGACAGTGGGAGCACCAACTACAACCCCTCCCTCAAGAGTCGGGTCACCATATCGGTCGACACGTCCGAGAGCCAGTTCTCCCTGAAACTGTCCTCTGTGACCGCTGCGGACACGGCCATATATTACTGTGCGCGAGACCGATACTGTAGTGGGGGTAGCTGTTTCGACTGGTACTTCGATCTCTGGGGCCGTGGCACCCTGGTCACTGTCTCCTCA
S5,ARDRYCSAGSCFDWYFDL,1.2947279970687358e-06,IGHM,17,CACTGTCTCTGGTGGCTCTATCAGTGGTTACTACTGGAGCTGGATCCGTCAGCCCCCAGGGAAGGGACTGGAATGGATTGGGTCTCTCCATTACACTGGAAACACCAACTACAACCCCTCCCTCAAGAGTCGACTCACCATATCAGTCGACACGTCCGAGAACCAGTTCTCCCTGAAGCTGAGCTCTGTGACCGCTGCGGACACGGCCATTTACTACTGTGCGCGAGACCGATATTGTAGTGCTGGTAGCTGCTTCGACTGGTACTTCGATCTCTGGGGCCGTGGCACCCTGGTCACTGTCTCCTCA
S5,ARDRYCSVGSCFDWYFDL,1.2947279970687358e-06,IGHM,14,CACTGTCTCTGGTGGCTCCATCAGTGGTTACTACTGGAGCTGGATCCGTCATTCCCCAGGGAAGGGACTGGAGTGGATTGGGTACATCCATCACAGTGGGAGCACCAACTACAACCCCTCCCTCAAGAGTCGAGTCACCATATCAGTCGACACGTCCGAGAACCAGTTCTCCCTGAAGCTGACTTCTGTGACCGCTGCGGACACGGCCATTTATTACTGTGCGCGAGACCGATATTGTAGTGTTGGAAGCTGCTTCGACTGGTACTTCGATCTCTGGGGCCGTGGCACCCAGGTCACTGTCTCCTCA
S13,ARDSYCSGGSCFDWYFDL,2.00580077584374e-06,IGHM,5,CACTGTCTCTGGTGGCTCCATCAGTGGTTACTACTGGAGCTGGATCCGGCAGCCCCCAGGGAAGGGACTGGAGTGGATTGGGTATATGTATTACAGTGGGAGCACCAACTACAACCCCTCCCTCAAGAGTCGAGTCACCATATCAGTCGACACGTCCAACAACCAGTTCTCCCTGAGGCTGAGCTCTGTGACCGCTGCGGACACGGCCGTGTATTACTGTGCGAGAGATTCATATTGTAGTGGTGGCAGTTGTTTCGACTGGTACTTCGATCTCTGGGGCCGTGGCACCCTGGTCACTGTCTCCTCA
S13,ARDSYCSGGSCFDWYFDL,2.00580077584374e-06,IGHM,4,CACTGTCTCTGGTGGCTCCATCAGTGGTTACTACTGGAGCTGGATCCGGCAGCCCCCAGGGAAGGGACTGGAGTGGATTGGGTATATGTATTACAGTGGGAGCACCAACTACAACCCCTCCCTCAAGAGTCGAGTCACCATATCAGTAGACACGTCCGAAAACCAGTTCTCCCTGAAGCTGAGCTCTGTGACCGCTGCGGACACGGCCGTGTATTACTGTGCGAGAGATTCATATTGTAGTGGTGGTAGCTGCTTCGACTGGTACTTCGATCTCTGGGGCCGTGGCACCCTGGTCACTGTCTCCTCA
S13,ARDSYCSGGSCFDWYFDL,1.00290038792187e-06,IGHM,5,CACTGTCTCTGGTGGCTCCATCAGTGGTTACTACTGGAGCTGGATCCGGCAGCCCCCAGGGAAGGGACTGGAGTGGATTGGGTATATGTATTACAGTGGGAGCACCAACTACAACCCCTCCCTCAAGAGTCGAGTCACCATATCAGTCGACACGTCCAACAACCAGTTCTCCCTGAGGCTGAGCTCTGTGACCGCTGCGGACACGGCCGTGTATTACTGTGCGAGAGATTCATATTGTAGTGGTGGCAGCTGTTTCGACTGGTACTTCGATCTCTGGGGCCGTGGCACCCTGGTCACTGTCTCCTCA
S14,ARDFYCSGGSCFDWYFDL,5.945815780789664e-06,IGHM,7,CAGTGTCTCTGGTGGCCCCATCAGTAGTTACTACTGGAGCTGGATCCGGCAGCCCCCAGGGAAGGGACTGGAGTGGATTGGATATGTCTTTTACAGTGGGAGCACCAACTACAACCCCTCCCTCAAGAGTCGAGTCACCATGTCAGTAGACACGTCCAAGAACCAGTTCTCCCTGAAACTGAGCTCTGTGACCGCTGCGGACACGGCCGTGTATTACTGTGCGAGAGACTTCTATTGTAGTGGTGGTAGCTGCTTCGACTGGTACTTCGATCTCTGGGGCCGTGGCACCCTGGTCACTGTCTCCTCA
S14,ARDFYCSGGSCFDWYFDL,2.972907890394832e-06,IGHD,7,CAGTGTCTCTGGTGGCCCCATCAGTAGTTACTACTGGAGCTGGATCCGGCAGCCCCCAGGGAAGGGACTGGAGTGGATTGGATATGTCTTTTACAGTGGGAGCACCAACTACAACCCCTCCCTCAAGAGTCGAGTCACCATGTCAGTAGACACGTCCAAGAACCAGTTCTCCCTGAAACTGAGCTCTGTGACCGCTGCGGACACGGCCGTGTATTACTGTGCGAGAGACTTCTATTGTAGTGGTGGTAGCTGCTTCGACTGGTACTTCGATCTCTGGGGCCGTGGCACCCTGGTCACTGTCTCCTCA
S2,ARDRYCSGGSCFDWYFDL,2.729097501101873e-06,IGHM,3,CACTGTCTCTGGTGGCTCCATCAGTAGTTACTACTGGAGCTGGGTCCGGCAGCCCCCAGGGAAGGGACTGGAGTGGATTGGGTATATCTATTACAGTGGGAGCACCAACTACAACCCCTCCCTCAAGAGTCGAGTCACCATATCAGTAGACACGTCCGAGAACCAGTTCTCCCTGAAGTTGAGCTCTGTGACCGCTGCGGACACGGCCGTGTATTACTGTGCGAGAGACCGATATTGTAGTGGTGGTAGTTGTTTCGACTGGTACTTCGATCTCTGGGGCCGTGGCACCCTGGTCACTGTCTCCTCA
S2,ARDRYCGGGSCFDWYFDL,2.729097501101873e-06,IGHM,29,CACTGTCTCTGGTGGCTCCATCAGTAGTTACTCCTGGAGCTGGATCCGGCAGCCCCCAGGGAAGGGACTGGAGTGGATTGGCTATATCTATTACAGTGGGAGCACCAACTACAACCCCAGTGGGAGCACCAATTACAACCCCTCCCTCAAGAGTCGAGTCACCATATCAGTAGACACGTCCGAGAACCAGTTCTCCCTGAAACTGAGCTCTGTGACCGCTGCGGACACGGCCGTGTATTACTGTGCGAGAGACCGATACTGTGGTGGTGGTAGCTGCTTCGACTGGTACTTCGATCTCTGGGGCCGTGGCACCCTGGTCACTGTCTCCTCA
S2,ARDRYCVGGSCFDWYFDL,2.729097501101873e-06,IGHM,8,CACTGTCTCTGGTGGCTCCATCAGTAGTTACTCCTGGAGCTGGATCCGGCAGCCCCCAGGGAAGGGACTGGAGTGGATTGGCTATATCTATTACAGTGGGTTCACCAACTACAACCCCTCCCTCAAGAGTCGAGTCGCCATATCAGTAGACACGTCCGAGAACCAGTTCTCCCTGAAGCTGAGTTCTGTGACCGCTGCGGACACGGCCGTTTATTACTGTGCGAGAGACCGATATTGTGTTGGTGGTAGCTGCTTCGACTGGTACTTCGATCTCTGGGGCCGTGGCACCCTGGTCACTGTCTCCTCA
S2,ARDRYCSGGSCFDWYFDL,2.729097501101873e-06,IGHM,28,CACTGTCTCTGGTGGCTCCATCAGTAGTTACTCCTGGAGCTGGATCCGGCAGCCCCCAGGGAAGGGACTGGAGTGGATTGGCTATATCTATTACAGTGGGAGCACCAACTACAACCCCAGTGGGACCACCAACTACAACCCCTCCCTCAAGAGTCGAGTCACCATATCAGTAGACACGTCCGAGAACCAGTTCTCCCTGAAGCTGAGCTCTATGACCGCTGCGGACACGGCCGTGTATTACTGTGCGAGAGACCGATATTGTAGTGGTGGTAGCTGCTTCGACTGGTACTTCGATCTCTGGGGCCGTGGCACCCTGGTCACTGTCTCCTCA
S2,ARDRYCGGGSCFDWYFDL,1.3645487505509365e-06,IGHM,31,CACTGTCTCTGGTGGCTCCATCAGTAGTTACTCATGGAGCTGGATCCGGCAGCCCCCAGGGAAGGGACTGGAGTGGATTGGCTATATCTATTACAGTGGGAGCACCAACTACAACCCCAGTGGGAGCACCAATTACAACCCCTCCCTCAAGAGTCGAGTCACCATATCAGTAGACACGTCCGAGAACCAGTTCTCCCTGAAACTGAGCTCTATGACCGCTGCGGACACGGCCGTGTATTACTGTGCGAGAGACCGATATTGTGGTGGTGGTAGCTGCTTCGACTGGTACTTCGATCTCTGGGGCCGTGGCACCCTGGTCACTGTCTCCTCA
S2,ARDRYCSGGSCFDWYFDL,1.3645487505509365e-06,IGHM,29,CACTGTCTCTGGTGGCTCCATCAGTAGTTACTCCTGGAGCTGGATCCGGCAGCCCCCAGGGAAGGGACTGGAGTGGATTGGCTATATCTATTACAGTGGGAGCACCAACTACAACCCCAGTGGGAGCACCAACTACAACCCCTCCCTCAAGAGTCGAGTCACCATATCAGTAGACACGTCCGAGAACCAGTTCTCCCTGAAACTGAGCTCTATGACCGCTGCGGACACGGCCGTGTATTACTGTGCGAGAGACCGATATTGTAGTGGTGGTAGCTGCTTCGACTGGTACTTCGATCTCTGGGGCCGTGGCACCCTGGTCACTGTCTCCTCA
S2,ARDRYCSGGSCFDWYFDL,1.3645487505509365e-06,IGHM,5,CACTGTCTCTGGTGGCTCCATCAGTAGTTACTACTGGAGTTGGATCCGGCAGTCCCCAGGGAAGGGACTGGAGTGGATTGGGTATATCTATTACAGTGGGAGCACCAACTACAACCCCTCCCCCAAGAGTCGAGTCACCATATCAGTAGACACGTCCGAGAACCAGTTCTCCCTGAAGCTGAGTTCTGTGACCGCTGCGGACACGGCCGTGTATTACTGTGCGAGAGACCGATATTGTAGTGGTGGTAGTTGTTTCGACTGGTACTTCGATCTCTGGGGCCGTGGCACCCTGGTCACTGTCTCCTCA
S2,ARDRYCSGGSCFDWYFDL,1.3645487505509365e-06,IGHM,32,CACTGTCTCTGGTGGCTCCATCAGTAGCTACTCCTGGAGCTGGATCCGGCAGCCCCCAGGGAAGGGCCTGGAGTGGATTGGCTATATCTATTACAGTGGGAGCACCAACTACAACCCCAGTGGGAGCACCAACTACAACCCCTCCCTCAAGAGTCGAGTCACCATATCAGTGGACACGTCCGAGAACCAGTTCTCCCTGAAGCTGAGCTCTATGACCGCTGCGGACACGGCCGTATATTACTGTGCGAGAGACCGATATTGTAGTGGTGGTAGCTGCTTCGACTGGTACTTCGATCTCTGGGGCCGTGGCACCCTGGTCACTGTCTCCTCA
S12,ARDTYCSGGSCFDWYFDL,1.1457811764193652e-06,IGHM,9,CACTATCTCTGGTGCCTCCATCAGTGGTTACTACTGGAGCTGGATCCGACAGCCCCCAGGGAAGGGACTGGAGTGGATTGGCTATATCTATTACAGTGGGAGCACCAACTACAACCCCTCCCTCAAGAGTCGAGTCACCATATCAGTAGACACGTCCAATAACCAGTTCTCCCTGAAGCTGACCTCTGTGACCGCTGCGGACACGGCCATTTATTACTGTGCGAGAGATACTTATTGTAGTGGTGGTAGCTGCTTCGACTGGTACTTCGATCTCTGGGGCCGTGGCACCCTGGTCACTGTCTCCTCA
S11,ARDGYCSGGSCFDWYFDL,3.1084136987791705e-06,IGHM,6,CACTGTCTCTGGTGGCCCCATCAGTAGTTACTACTGGAGCTGGATCCGGCAGCCCCCAGGGAAGGGACTGGAGTGGATTGGATATATCTTTTACAGTGGGAGCACCAACTACAACCCCTCCCTCAAGAGTCGAGTCACCATATCAGTAGACACGTCCAAGAACCAATTCTCCCTGAATCTGAGCTCTGTGACCGCCGCAGACACGGCCGTCTATTACTGTGCGAGAGACGGATATTGTAGTGGTGGTAGCTGCTTCGACTGGTATTTCGATCTCTGGGGCCGTGGCACCCTGGTCACTGTCTCCTCA
S11,ARDGYCSGGSCFDWYFDL,1.5542068493895852e-06,IGHM,14,CACTGTCTCTGGTGGCCCCATCACTAGCTACTCCTGGAGCTGGATCCGGCAGCCCCCAGGGAAGGAACTGGAGTGGATTGGATATATCTATTACAGTGGGATTACAAACTACAACCCCTCCCTCAAGAGTCGAGTCACCCTATCAGTAGACACGTCCAAGAGCCAGTTCTCCCTCAATCTGAGCTCTGTGACCGCCGCAGACACGGCCGTCTATTACTGTGCGAGAGACGGATATTGTAGTGGTGGTAGCTGCTTCGACTGGTACTTCGATCTCTGGGGCCGTGGCACCCTGGTCACTGTCTCCTCA
S6,ARDRYCSGGSCYDWYFDL,2.3429001757175133e-05,IGHM,8,CACTGTCTCTGGTGGCTCCATCAATAGTTACTATTGGAGCTGGATCCGGCAGCCCCCAGGGAAGGGACTGGAGTGGATTGGGTCTATCTATTCCAGTGGGTACACCAACTACAACCCCTCCCTCAAGAGTCGAGTCACCATATCAGTAGACACGTCCGAGAACCAGTTCTCCCTGAAGCTGAGTTCTGTGACCGCTGCGGACACGGCCGTGTATTACTGTGCGAGAGATAGGTATTGTAGTGGTGGTAGTTGTTACGACTGGTACTTCGATCTCTGGGGCCGTGGCACCCTGATCACTGTCTCCTCA
S6,ARDRYCSGGTCFDWYFDL,2.3429001757175133e-05,IGHM,9,CACTGTCTCTGGTGGCTCCATCAGTGGTTACTACTGGAGCTGGATCCGGCAGCCCCCAGGGCAGGGACTGGAGTGGATTGGGTATATCTCTTACAGTGGGAGCACCAACTACAACCCCTCCCTCAAGAGTCGGGTCACCATTTCAGTAGACACGCCCAATAACCAGTTCTCCCTGAAGCTGAGCTCTGTGACCGTCGCGGACACGGCCGTGTATTACTGTGCGAGAGATCGTTATTGTAGTGGTGGTACCTGCTTCGACTGGTACTTCGATCTCTGGGGCCGTGGCACCCTGGTCACTGTCTCCTCA
S6,ARDRYCSGGSCFDWYFDL,2.0082001506150112e-05,IGHM,9,CACTGTCTCTGGTGGCCCCATCAGTAGTTACTACTGGAGCTGGATCCGGCAGCCCCCAGGGAAGGGACTGGAGTGGATTGGCTATATCTATTACAGTGGGAACACCAATTACAACCCCTCCCTCAAGAGTCGAGTCACTATATCAATAGACACGTCCAAGAACCAGTTTTCCCTGACACTGAGCTCTGTGACCGCTGCGGACACGGCCGTGTATTACTGTGCGAGAGATCGGTATTGTAGTGGTGGTAGTTGCTTCGACTGGTACTTCGATCTCTGGGGCCGTGGCACCCTGGTCACTGTCTCCTCA
S6,ARDRYCSGGSCFDWYFDL,2.0082001506150112e-05,IGHM,9,CACTGTCTCTGGTGGCCCCATCAGTGGTCACTACTGGAGCTGGATCCGGCAGCCCCCAGGGAAGGGACTGGAGTGGATTGGGTATATCTATAACAGTGGGAGCACCAACTACAACCCCTCCCTCAAGAGTCGAGTCACCATATCAATAGACACGTCCAACAACCAGTTTTCCCTGAAACTGAGCTCTGTGACCGCTGCGGACACGGCCGTCTATTACTGTGCGAGAGATCGGTATTGTAGTGGTGGTAGCTGCTTCGACTGGTACTTCGACCTCTGGGGCCGTGGCACCCTGGTCACTGTCTCCTCA
S6,ARDRYCSGGNCFDWYFDL,1.6735001255125095e-05,IGHM,13,CACTGTCTCTGGTGGCCCCATCAGTAATTACTACTGGAACTGGATCCGGCAGCCCCCAGGGAAGGGACTGGAGTGGATTGGCTATATCTATTACAATGGGAGCACCAATTACAACCCCTCCCTCAAGAGTCGAGTCACTATATCGATAGACACGTCCAAGAACCAGTTTTCCCTGACACTGAACTCTGTGACCGCTGCGGACACGGCCGTGTATTACTGTGCGAGAGATCGGTATTGTAGTGGTGGTAATTGTTTCGACTGGTACTTCGATCTCTGGGGCCGTGGCACCCTGGTCACTGTCTCCTCA
S6,ARDRYCSGGSCFDWYFDL,6.694000502050038e-06,IGHM,15,CACTGTCTCTGGTGGCTCCATCAGTGGTTATTCCTGGAGTTGGATCCGGCAGTCCCCAGGGCAGGGACTGGAGTGGATTGGTTATATCTATCACAGTGGGAGCACCAACTACAACCCCTCCCTCAAGAGTCGAGTCACCATATCAGTGGACACGTCCAATAACCAGTTTTCCCTGAAGCTGAACTCTGTGACCGCTTCGGACACGGCCATATATTACTGTGCGAGAGATCGTTATTGTAGTGGTGGTAGCTGCTTCGACTGGTACTTCGATCTCTGGGGCCGTGGCACCCTGGTCACTGTCTCCTCA
S6,ARDNYCSGGSCFDWYFDL,6.694000502050038e-06,IGHM,7,CACTGTCTCTGGTGGCTCCATCAGTAGTTACTCCTGGAGCTGGATCCGGCAGTCCCCAGGGAAGGGACTGGAGTGGATTGGGTATATCTATTCCAGTGGGAGCACCAACTACAACCCCTCCCTCCAGAGTCGAGTCACCATCTCAGTAGACACGTCCGAGAACCAGTTCTCCCTGAAACTGAGCTCTGTGACCGCTGCGGACACGGCCGTGTATTACTGTGCGAGAGATAATTATTGTAGTGGTGGTAGTTGTTTTGACTGGTACTTCGATCTCTGGGGCCGTGGCACCCTGGTCGCTGTCTCCTCA
S6,ARDRFCSGGSCFDWYFDL,3.347000251025019e-06,IGHM,16,CACTGTCTCTGGTGGCCCCATCAGTAATTACTACTGGAGCTGGATCCGGCAGCCCCCAGGAAAGGGACTGGAGTGGATTGGCTATATCTTTTCTAGTGGGAACACCTATTACAACCCCTCCCTCAGGAGTCGAGTCACCCTATCAGTAGACACGTCCAACAACCAGTTTTCCCTGAAACTGAGCTCTGTGACCGCTGCGGACACGGCCGTATATTACTGTGCGAGAGATCGGTTTTGTAGTGGTGGTAGCTGCTTCGACTGGTACTTCGATCTCTGGGGCCGTGGCACCCTGGTCACTGTCTCCTCA
S6,ARDRYCSGGSCFDWYFDL,3.347000251025019e-06,IGHD,15,CACTGTCTCTGGTGGCTCCATCAGTGGTTATTCCTGGAGTTGGATCCGGCAGTCCCCAGGGCAGGGACTGGAGTGGATTGGTTATATCTATCACAGTGGGAGCACCAACTACAACCCCTCCCTCAAGAGTCGAGTCACCATATCAGTGGACACGTCCAATAACCAGTTTTCCCTGAAGCTGAACTCTGTGACCGCTTCGGACACGGCCATATATTACTGTGCGAGAGATCGTTATTGTAGTGGTGGTAGCTGCTTCGACTGGTACTTCGATCTCTGGGGCCGTGGCACCCTGGTCACTGTCTCCTCA
S6,ARDRYCSGGSCFDWYFDL,3.347000251025019e-06,IGHM,8,CACTGTCTCTGGTGGCCCCATCAGTAGTTACTACTGGAGCTGGATCCGGCAGCCCCCAGGGAAGGGACTGGAGTGGATTGGCTATATCTATTACAGTGGGAGCACCAATTACAACCCCTCCCTCAAGAGTCGAGTCACTATATCAATAGACACGTCCAAGAACCAGTTTTCCCTGACACTGAGCTCTGTGACCGCTGCGGACACGGCCGTGTATTACTGTGCGAGAGATCGGTATTGTAGTGGTGGTAGTTGCTTCGACTGGTACTTCGATCTCTGGGGCCGTGGCACCCTGGTCACTGTCTCCTCA
S6,ARDRFCSGGSCFDWYFDL,3.347000251025019e-06,IGHM,16,CACTGTGTCTGGTGGCCCCCTCAGTGGTTACTCGTGGAGCTGGATCCGGCAGCCCCCAGGAAAGGGACTGGAGTGGATTGGTTATATCTATTATAGTGGGAACACCAATTACAACCCCTCCCTCAAGAGTCGAGTCACCCTATCAGTAGACACGTCCAACAACCAGTTTTCCCTGAAACTGAGCTCTGTGACCGCTGCGGACACGGCCGTATATTACTGTGCGAGAGATCGGTTTTGTAGTGGTGGTAGCTGCTTCGACTGGTACTTCGATCTCTGGGGCCGTGGCACCCTGGTCACTGTCTCATCA
S6,ARDRYCSGGTCFDWYFDL,3.347000251025019e-06,IGHD,9,CACTGTCTCTGGTGGCTCCATCAGTGGTTACTACTGGAGCTGGATCCGGCAGCCCCCAGGGCAGGGACTGGAGTGGATTGGGTATATCTCTTACAGTGGGAGCACCAACTACAACCCCTCCCTCAAGAGTCGGGTCACCATTTCAGTAGACACGCCCAATAACCAGTTCTCCCTGAAGCTGAGCTCTGTGACCGTCGCGGACACGGCCGTGTATTACTGTGCGAGAGATCGTTATTGTAGTGGTGGTACCTGCTTCGACTGGTACTTCGATCTCTGGGGCCGTGGCACCCTGGTCACTGTCTCCTCA
S6,ARDRYCSGGSCFDWYFDL,3.347000251025019e-06,IGHM,6,CACTGTCTCTGGTGGCCCCATCAGTAGTTACTACTGGAGCTGGATCCGGCAGCCCCCAGGGAAGGGACTGGAGTGGATTGGCTATATCTATTACAGTGGGAGCACCAATTACAACCCCTCCCTCAAGAGTCGAGTCACCATATCAGTAGACACGTCCAAGAATCAGTTTTCCCTGAAACTGAGCTCTGTGACCGCTGCGGACACGGCCGTGTATTACTGTGCGAGAGATCGGTATTGTAGTGGTGGTAGCTGCTTCGACTGGTACTTCGATCTCTGGGGCCGTGGCACCCTGGTCACTGTCTCCTCA
S6,ARDRYCSGGSCFDWYFDL,3.347000251025019e-06,IGHM,7,CACTGTCTCTGGTGGCCCCATCAGTAGTTACTACTGGAGCTGGATCCGGCAGCCCCCAGGGAAGGGACTGGAGTGGATTGGGTATATCTATGACAGTGGGAGCACCAACTACAACCCCTCCCTCAAGAGTCGAGTCACCATTTCAATAGACACGTCCAAGAACCAGTTTTCCCTGAAACTGAGCTCTGTGACCGCTGCGGACACGGCCGTCTATTACTGTGCGAGAGATCGGTATTGTTCTGGAGGTAGCTGCTTCGACTGGTACTTCGATCTCTGGGGCCGTGGCACCCTGGTCACTGTCTCCTCA
S6,ARDRFCSGGSCFDWYFDL,3.347000251025019e-06,IGHM,16,CACTGTCTCTGGTGGCCCCATCAGAAGTTACTACTGGAGCTGGATCCGGCAGCCCCCAGGGGAGGGACTGGAGTGGATTGGTTATATTTATGACACTGGTAGCACCAACTACAACCCCTCCCTCAAGAGTCGAGTCAGCATGTCAGTTGACACGTCCAACAACCAGTTTTCCCTGAAACTGACCTCTGTGACCGCTGCGGACACGGCCGTATATTACTGTGCGAGAGATCGGTTTTGTAGTGGTGGTAGTTGTTTCGACTGGTACTTCGATCTCTGGGGCCGTGGTACCCTGGTCACTGTCTCCTCA
S6,ARDRYCSGGSCFDWYFDI,3.347000251025019e-06,IGHM,12,CACTGTCTCTGGTGGCCCCATCAGTAGTTACTACTGGAGCTGGATCCGGCAGCCCCCAGGGAAGGAACTGGAGTGGATTGGGTATATCTATGACACTGGGAGCAGCAACTACAACCCCTCCCTCAAGAGTCGAGTCAGTATATCAATAGACACGTCCAAGAACCAGTTTTCCCTGACACTGAGCTCTGTGACCGCTGCGGACACGGCCGTGTATTATTGTGCGAGAGATCGCTATTGTAGTGGTGGTAGTTGCTTCGACTGGTATTTCGATATCTGGGGCCGTGGCACCCTGGTCACTGTCTCCTCA
S4,ARDRYCSGGSCFDWYFDL,1.0573540560630267e-06,IGHM,15,CACTGTCTCTGGTGGCCCCATCAGTAGTTACTACTGGAGTTGGATCCGGCAGTCCCCAGGGAAGGGCCTGGAATGGATTGGGTTTATACATTCCAGTGGGAGGACCAACTACAACCCCTCCCTCAAGAGTCGGGTCGCCATATCAGTAGACACGTCCAAGAACCGGTTCTCCCTGAAGCTGAGTTCTGTGACCGCTGCGGACACGGCCGTGTATTATTGTGCGAGAGATCGATATTGCAGTGGTGGTAGTTGCTTCGACTGGTACTTCGATCTCTGGGGCCGTGGCACCCTGGTCACTGTCTCCTCA
S8,ARDRYCSGGTCFDWYFDL,7.809327460719083e-06,IGHD,9,CACTGTCTCTGGTGGCTCCATCAGTGGTTACTACTGGAGCTGGATCCGGCAGCCCCCAGGGCAGGGACTGGAGTGGATTGGGTATATCTCTTACAGTGGGAGCACCAACTACAACCCCTCCCTCAAGAGTCGGGTCACCATTTCAGTAGACACGCCCAATAACCAGTTCTCCCTGAAGCTGAGCTCTGTGACCGTCGCGGACACGGCCGTGTATTACTGTGCGAGAGATCGTTATTGTAGTGGTGGTACCTGCTTCGACTGGTACTTCGATCTCTGGGGCCGTGGCACCCTGGTCACTGTCTCCTCA
S7,ARDRYCSGGSCFDWYFDL,1.4974132186647566e-05,IGHM,14,CACTGTGTCTGGTGGCTCCATCAGTGGTTATTACTGGAGTTGGATCCGGCAGTCCCCGGGAAAGGGACTGGAGTGGATTGGCTATATCTATTACAGTGGGAGCACCAACTACAACCCCTCCCTCAAGAGTCGAGTCACCATATCAGTAGACACGTCCAGGAACCAGTTCTCTTTGAAGCTGAGTTCTGTGACCGCTGCGGACACGGCCATATATTACTGTGCGAGAGATAGGTATTGTAGTGGTGGTAGCTGCTTCGACTGGTACTTCGATCTCTGGGGCCGTGGCACCCTGGTCACTGTCTCCTCA
S1,ARDRYCSGGSCFDWYFDL,5.032522677805317e-06,IGHA2,10,CACTGTCTCTGGTGGCTCCGTCAGTGGTTACTACTGGAGCTGGATCCGGCAGCCCCCAGGGAAGGGACTGGAGTGGATTGGATATATGTACTACAGCGGAAGCACCAACTACAACCCCTCCCTCAAGAGTCGAGTCACCATATCAGTGGACACGTCCAAGAACCAGTTCTCCCTGAAGCTGACCTCTGTGACGGCTGCGGACACGGCCGTGTATTACTGTGCGAGGGACCGATATTGCAGTGGTGGTAGCTGCTTCGACTGGTACTTCGATCTCTGGGGCCGTGGCACCCTAGTCACTGTCTCCTCA
S1,ARDRYCSFGSCFDWYFDL,5.032522677805317e-06,IGHM,15,CACTGTCTCCGGTGGCTCCATCAGTGGTTATTACTGGAGCTGGGTCCGGCAGCCCCCAGGGAAGGGACTAGAATGGGTTGGGTATATTTATTACAGTGGGAGCACCAACTACAACCCCTCCCTCAAGAGTCGAGTCACCATGTCAGTGGACACGTCCAATAATCAGTTCTCCCTGAACCTGAACTCTGTGACCCCTGCGGACACGGCCGTGTATTACTGTGCGAGAGACCGATATTGTAGTTTTGGGAGCTGCTTCGACTGGTACTTCGATCTCTGGGGCCGTGGCACCCTGGTCACTGTCTCCGCA
S1,ARDRYCSGGSCFDWFFDL,2.5162613389026585e-06,IGHM,7,CACTGTCTCTGGTGGCTCCATCAATAGTTACTACTGGAGCTGGATCCGGCAGCCCCCAGGGAAGGGACTGGAGTGGATTGGTTATATCTATTACAGTGGGAGCACCAACTACAACCCCTCCCTCAAGAGTCGTGTCACCATATCCGTAGACACGTCCGAGAACCAGTTCTCCCTGAAGCTGAGCTCTGTGACCACTGCGGACACGGCCGTGTATTACTGTGCGAGGGACCGATATTGTAGTGGTGGTAGCTGCTTCGACTGGTTCTTCGATCTCTGGGGCCGTGGCACCCTGGTCACTGTCTCCTCA
S10,ARDTYCSGGSCFDWYFDL,8.734806895256564e-06,IGHM,12,CACTGTCTCTGGTGGCTCCATCAGTGGTTATTCCTGGAGCTGGGTCCGGCAGCCCCCAGGGAAGGGACTGGAGTGGATTGGGTATATCTATTACAGCGGGAGCACCAACTACAACCCCTCCCTCAAGAGTCGAGTCACCATATCAATAGACACGTCCGAGAACCACTTCTCCCTGAAGCTGAGCTCCGTGACCGCTGCGGACACGGCCCTATATTATTGTGCGAGAGACACATATTGTAGTGGTGGTAGCTGCTTCGACTGGTACTTCGATCTCTGGGGCCGAGGCACCCTGGTCACTGTCTCCTCA
S10,ARDRYCSGGSCYDWYFDL,1.0918508619070705e-06,IGHM,8,CACTGTCTCTGGTGGCTCCATCAGTGGTTATTACTGGAGCTGGGTCCGGCAGCCCCCAGGGAAGGGACTGGAGTGGATTGGGTATATCTATTACAGCGGGAGCACCAACTACAACCCCTCCCTCAAGAGTCGAGTCACCATATCAATAGACACGTCCGAGAACCAGTTCTCCCTGAAGCTGAGCTCCGTGACCGCTGCGGACACGGCCGTGTATTATTGTGCGAGAGACAGATATTGTAGTGGTGGTAGCTGCTACGACTGGTACTTCGATCTCTGGGGCCGAGGCACCCTGGTCACTGTCTCCTCA
S3,ARDRYCSGGSCFDWYFDL,1.5556284972473153e-06,IGHM,6,CACTGTCTCTGGTGGCTCCATCAGTGGTTACTCCTGGAGCTGGATCCGGCAGGCCCCAGGGAAGGGACTGGAGTGGATTGGGTATATCTATTACAGTGGGAGCACCAACTACAACCCCTCCCTCAAGAGTCGAGTCACCATATCAGTGGACACGTCCAACAACCAGTTCTCCCTGAAACTGAGCTCTGTGACCGCTGCGGACACGGCCGTGTATTACTGTGCGAGAGATCGGTATTGTAGTGGTGGTAGTTGCTTTGACTGGTACTTCGATCTCTGGGGCCGTGGCACCCTGGTCACTGTCTCCTCA
S9,ARDRYCSGGSCFDWYFDV,2.884080165892291e-06,IGHM,6,CACTGTCTCTGGTGGCTCCATCAGTAGTTACTACTGGAGCTGGATCCGGCAGCCCCCAGGGAAGGGACTGGAGTGGATTGGGTATATCTATTACAGTGGGAGTACCAACTACAATCCCTCCCTCAAGAGTCGAGTCACCATATCAGTTGACACGTCCGAGAACCAGTTCTCCCTGAAACTGAGCTCTGTGACCGCTGCGGACACGGCCGTATATTACTGTGCGAGAGATAGATATTGTAGTGGTGGTAGCTGCTTCGACTGGTACTTCGATGTCTGGGGCCGTGGCACCCTGGTCACTGTCTCCTCA
S9,ARDRYCSGGSCFDWYFDV,2.884080165892291e-06,IGHM,9,CACTGTCTCTGGTGGCTCCATCAGTAGTTACTACTGGAGCTGGATCCGGCAGCCCCCAGGGAAGGGACTGGAGTGGATTGGGTTTATCTATTACAGTGGGAGAACCAACTACAATCCCTCCCTCAAGAGTCGAGTCACCATTTCAGTTGACACGTCCGAGAACCAGTTCTCCCTGAAATTGAGCTCTGTGACCGCTGCGGACACGGCCGTATATTACTGTGCGAGAGATAGATATTGTAGTGGTGGTAGCTGCTTCGACTGGTACTTCGATGTCTGGGGCCGTGGCACCCTGGTCACTGTCTCCTCA
S9,ARDTYCSGGSCFDWYFDL,1.4420400829461456e-06,IGHM,13,CACTGTCTCTGGTGGCTCCATCAATGGTTACTCTTGGAGCTGGATCCGGCAGCCCCCAGGGAAGGGACTGGAGTGGATTGGGTTTATCTATTACAGTGGGAGAACCAATTACAATCCCTCCCTCAAGAGTCGAATTACCATATCAGTTGACACGTCCGAGAACCAGTTCTCCCTGAAGCTGAGCTCTGTGACCGCTGCGGACACGGCCGTATATTACTGTGCGAGAGATACATATTGTAGTGGTGGTAGCTGCTTCGACTGGTACTTCGATCTCTGGGGCCGTGGCACCCTGGTCACTGTCTCCTCA
S9,ARDTYCSGGSCFDWYFDL,1.4420400829461456e-06,IGHM,12,CACTGTCTCTGGTGGCTCCATCAATGGTTACTCTTGGAGCTGGATCCGGCAGCCCCCAGGGAAGGGACTGGAGTGGCTTGGGTTTATCTATTACAGTGGGAGAACCAATTACAATCCCTCCCTCAAGAGTCGAGTCACCATATCAGTTGACACGTCCGAGAACCAGTTCTCCCTGAAGCTGAGCTCTGTGACCGCTGCGGACACGGCCGTATATTACTGTGCGAGAGATACATATTGTAGTGGTGGTAGCTGCTTCGACTGGTACTTCGATCTCTGGGGCCGTGGCACCCTGGTCACTGTCTCCTCA
S9,ARDRYCSGGSCFDWYFDV,1.4420400829461456e-06,IGHD,9,CACTGTCTCTGGTGGCTCCATCAGTAGTTACTACTGGAGCTGGATCCGGCAGCCCCCAGGGAAGGGACTGGAGTGGATTGGGTTTATCTATTACAGTGGGAGAACCAACTACAATCCCTCCCTCAAGAGTCGAGTCACCATTTCAGTTGACACGTCCGAGAACCAGTTCTCCCTGAAATTGAGCTCTGTGACCGCTGCGGACACGGCCGTATATTACTGTGCGAGAGATAGATATTGTAGTGGTGGTAGCTGCTTCGACTGGTACTTCGATGTCTGGGGCCGTGGCACCCTGGTCACTGTCTCCTCA
